date,id,username,polarity,text
2017-04-01 15:59:19,848203127908057089,sports_eeuu,,Leicester City 2-0 Stoke City http://dlvr.it/Nn1fhj pic.twitter.com/Su6sDWY2GW
2017-04-01 15:59:18,848203123172589568,dexkool90,,Leicester City 2-0 Stoke City http://dlvr.it/Nn1fhV pic.twitter.com/b7lFEBktZO
2017-04-01 15:59:15,848203112384876544,3four3,,"5 wins, 0 losses #LeicesterCity Anyone still questioning what happened with Ranieri?"
2017-04-01 15:58:51,848203009666547714,_sebasn,,Liverpool 3-1 Everton Leicester 2-0 Stoke City Chelsea 1-2 Crystal Burnley 0-2 Tottenham United 0- 0 West Bromwich #PremierLeague J30
2017-04-01 15:58:50,848203009280675840,nigerianews360,,(Video) – Ndidi Breaks The Internet With Screamer For Leicester City In Win Over Stoke City https://www.nigerianews360.com/video-ndidi-breaks-the-internet-with-screamer-for-leicester-city-in-win-over-stoke-city/ …pic.twitter.com/uecuqLCFhd
2017-04-01 15:58:43,848202976279789568,iDareU_,,FULL TIME: Leicester 2-0 Stoke . What a turn around of form for Leicester City
2017-04-01 15:58:17,848202868339482625,FutbolModerno_,,FINALES. -Leicester City 2-0 Stoke City. -Manchester United 0-0 West Brom. -Chelsea 1-2 Crystal Palace. #PLpic.twitter.com/PPtpch2TLj
2017-04-01 15:58:07,848202829130903552,FichajeGoleador,,¡¡FINALIZAN!! Man United 0-0 West Brom Burnely 0-2 Tottenham Leicester 2-0 Stoke City Chelsea 1-2 Crystal Palace #PL [FECHA 30]pic.twitter.com/0gcNt0DzLp
2017-04-01 15:57:30,848202671836278786,AO_Sports,,Full time: Leicester City v Stoke City (English Premier League) http://english.ahram.org.eg/News/262017.aspx …
2017-04-01 15:57:22,848202636990050304,anBhanna,,Leicester City 2 — 0 Stoke City and: https://twitter.com/jayjaygiants/status/848200104259575809 … and:pic.twitter.com/gUoDBf6Erx
2017-04-01 15:57:09,848202584120807425,vialee78,,Yes Leicester City. We lost to Palace at home last season.
2017-04-01 15:56:44,848202478067863552,BelgianLeon,,"Leicester City 2 Stoke City 0: Ndidi, Vardy smash Shakespeare into the record books via @Onefootball. Read it here: http://1.ftb.al/zNTc/zq1aF33FZB"
2017-04-01 15:56:39,848202457129857025,lcfcbuzztap,,espnfc .com >> Leicester City 2-0 Stoke City http://buzztap.com/-T9QsaP
2017-04-01 15:56:34,848202435973853184,Scores24_7_365,,EPL : FINAL: Leicester City shutouts Stoke City 2-0. Shots (on goal) LEI: 23 (10) SC: 10 (2) Possession LEI: 48% SC: 52%
2017-04-01 15:56:22,848202386812190720,futbolerosof,,- Chelsea 1-2 Crystal Palace. - Manchester United 0-0 West Brom. - Leicester City 2-0 Stoke City. - Burnley 0-2 Tottenham. Premier League. pic.twitter.com/7fYNwOtIvY
2017-04-01 15:56:22,848202385717637121,enitanpopoola,,I wonder how Ranieri will be feeling watching the Leicester City players win games.
2017-04-01 15:56:20,848202378587381760,thesackrace,,"Another day, another win for Leicester City boss Craig Shakespeare! #LCFC #Routinehttps://twitter.com/OptaJoe/status/848201909181743104 …"
2017-04-01 15:56:09,848202334240899072,Power987Sport,,#PL FT: Watford 1-0 Sunderland Leicester City 2-0 Stoke City Man Utd 0-0 West Brom Burnley 0 - 2 Tottenham Hotspur Hull City 1-2 West Ham
2017-04-01 15:55:56,848202277865361412,JRSidwell,,"We're Leicester city, we win every week"
2017-04-01 15:55:54,848202269397045248,TerenceMalick1,,Leicester City 2-0 Stoke City // Jamie Vardy Goal // 01 04 2017: http://youtu.be/HHg-dg_QBJE?a via @YouTube
2017-04-01 15:55:32,848202174987481088,karimroni,,regarde Leicester City vs Stoke City Live Stream
2017-04-01 15:55:23,848202138421522432,VivamosDeportes,,#PremierLeague | FINAL •Leicester City 2-0 Stoke City •Manchester United 0-0 West Bromwich •Watford 1-0 Sunderland
2017-04-01 15:55:18,848202117018005505,NairaLearn_TV,,"Leicester City since Ranieri's got the boot. 5 games 5 wins 3-1 3-1 2-0 2-3 2-0 Apparently, the decision of the season."
2017-04-01 15:55:15,848202107824033792,RadioCadenaUno,,#PremierLeague | Fecha 30 | ¡Final del partido! Leicester 2 - 0 Stoke City Manchester United 0 - 0 West Bromwich Watford 1 - 0 Sunderland
2017-04-01 15:55:12,848202092514881537,MailSport,,"FULL TIME: Leicester City 2-0 Stoke City, Watford 1-0 Sunderland, Burnley 0-2 Spurs pic.twitter.com/fkOioFw5ht"
2017-04-01 15:55:08,848202076165472256,T_Sello,,"RT "" @BBCRLSport: That's Jamie Vardy's fourth goal in his last six appearances for Leicester City. He's having a party!"""
2017-04-01 15:55:07,848202070855385088,johnrzb,,FT #PremierLeague Man United 0-0 West Brom Leicester 2-0 Stoke City Watford 1-0 Sunderland Chelsea 1-2 Palace Burnley 0-2 Tottenham
2017-04-01 15:54:52,848202011300515840,LigaBwn,,FINAL St. Polten 1 - 1 Rapid Viena LEICESTER CITY 2 - 0 Stoke City Manchester United 0 - 0 West Bromwich WATFORD 1 - 0 Sunderland
2017-04-01 15:54:51,848202003167707137,TheElitistSport,,"Premier League - Leicester City 2 (Ndidi, Vardy) Stoke City 0 #MoonSoccer13"
2017-04-01 15:54:51,848202003062849539,kevina364,,"Premier League - Leicester City 2 (Ndidi, Vardy) Stoke City 0 #MoonSoccer13"
2017-04-01 15:54:46,848201985228754948,pgillett2017,,Great to see that Leicester City have won again making it 5 wins a row (including CL) & 4 out of 4 in PL under Craig Shakespeare!
2017-04-01 15:54:37,848201948071329794,domferretti11,,ENGLAND 5u LIVERPOOL OV 2.5 (-130) 3u CHELSEA -1.5 (-110) 3u LEICESTER CITY ML (EV) 2u SOUTHAMPTON OV 2.5 (-130) 5-3-1 (+13.55u)
2017-04-01 15:54:37,848201946255290368,FriskyBeard,,Leicester City are the perfect example of dropping someone who gave you everything you have because it's in your best interest to do so.
2017-04-01 15:54:28,848201908363952128,MarkgLcfc,,Well done Leicester city. Another valuable 3 points. 2 more wins should secure premier league football again next season. UP THE CITY #LCFC
2017-04-01 15:54:28,848201906904236034,Football__Tweet,,Craig Shakespeare as Leicester City manager: Games: 5 Wins: 5 Goals: 13 pic.twitter.com/Iix9Xfjm64
2017-04-01 15:54:18,848201868736122882,fotomac,,(MS): Leicester City-Stoke City 2-0 http://www.fotomac.com.tr/canli-skor/canli-mac?Id=2252476 …
2017-04-01 15:54:18,848201867071016966,kkweks,,The Shakespeare guy really come change Leicester City demma mentality.
2017-04-01 15:54:07,848201820434575365,How_WatMH,,Leicester City can still pass 19 games unbeaten team
2017-04-01 15:54:07,848201820078059520,EricPhung_tweet,,Check out my new blog post - https://goo.gl/jB0E1M #liverpoolfc #COYS #trump #Quantumcomputing #leicestercity #LCFC
2017-04-01 15:54:07,848201819566346240,drozz_tt,,Leicester City players deserve a million endless insults Bru
2017-04-01 15:54:05,848201813383884801,Freddy13Perez,,"LeicesterCity 2-0 StokeCity, Final."
2017-04-01 15:54:02,848201799815376896,rfutbol,,"Leicester 2-0 Stoke City, FINAL #Leicester #StokeCity #PremierLeague"
2017-04-01 15:53:43,848201719473479680,TaineJones,,"Leicester city on a run , back to there best what a team"
2017-04-01 15:53:39,848201701253423104,AO_Sports,,90' Live score: #LeicesterCity 2-0 #StokeCity (English Premier League) http://english.ahram.org.eg/News/262017.aspx …
2017-04-01 15:53:36,848201689488277505,SBOBET,,FULL TIME: Leicester City 2-0 Stoke City 25' Ndidi 47' Vardy Check out http://goo.gl/INX24U for more #PL matches schedules. #LEISTK
2017-04-01 15:53:34,848201681359818752,JoshuaAsomani,,Leicester City is doing well after sacking their coach #PL
2017-04-01 15:53:32,848201671704498177,number8buser,,"Leicester City proving they were correct to part with their manager, however badly the players went about it."
2017-04-01 15:53:21,848201626578018304,SuperSportBlitz,,Goals from Wilfred Ndidi & Jamie Vardy guided Leicester City to a 2-0 win at home to Stoke City #SSFootball
2017-04-01 15:53:17,848201611730075648,EPL0516,,FT Leicester 2-0 Stoke City #LEISTK
2017-04-01 15:53:11,848201584987320320,paniekvoetbal,,Eindstand Leicester City - Stoke City: 2-0 #leistk #premierleague
2017-04-01 15:53:06,848201564627943424,dy158,,Decent list to be in. #LeicesterCity #LCFChttps://twitter.com/SkySportsStatto/status/848201384168230913 …
2017-04-01 15:52:58,848201529207271425,lhenry019,,"FT EPL scores: Watford 1, Sunderland 0. Leicester City 2, Stoke 0. #EPL"
2017-04-01 15:52:51,848201500409155587,Le_Parisien76,,C'est Terminé. Leicester City - Stoke City
2017-04-01 15:52:42,848201462559772673,theKingScores,,"FINAL RESULT 2-0 #LCFC vs #SCFC, #EPL #LeicesterCity #StokeCity, http://bit.ly/2jE1Dl5 pic.twitter.com/Ps7hpoptZD"
2017-04-01 15:52:36,848201440468357122,MarkgLcfc,,"We're Leicester city, we win every week #LCFC"
2017-04-01 15:52:30,848201414555906049,PremierShowIT,,"FULL TIME Leicester 2-0 Stoke City (25' Ndidi, 47' Vardy) #LEISTK"
2017-04-01 15:52:28,848201403747115012,LCFC_Indonesia,,Full-time: Leicester City 2-0 Stoke City #LeiStopic.twitter.com/RmXf1eKIi6
2017-04-01 15:52:24,848201388068925440,SuperSportBlitz,,#PL – Result: Leicester City 2-0 Stoke City #SSFootball
2017-04-01 15:52:10,848201330434883584,FPL_MY,,"FT. Leicester City 2 - 0 Stoke City Penjaring: Ndidi, Vardy Assist: Simpson 2x"
2017-04-01 15:52:06,848201314144313344,SMStoke,,FULL-TIME: Leicester City 2-0 Stoke City #lcfc #scfc
2017-04-01 15:52:06,848201312961523713,SMLeicester,,FULL-TIME: Leicester City 2-0 Stoke City #lcfc #scfc
2017-04-01 15:51:53,848201256615251968,LCFC,,Full-time: Leicester City 2-0 Stoke City #LeiStopic.twitter.com/4O9ce2RU0j
2017-04-01 15:51:42,848201212759506944,LiveLCFC,,FULL-TIME! Leicester City 2-0 Stoke Ndidi and Vardy make it four Premier League wins on the bounce for #LCFC. http://www.leicestermercury.co.uk/leicester-city-v-stoke-8211-premier-league-live-team-news-score-goals-from-king-power-stadium/story-30242961-detail/story.html …pic.twitter.com/xHiXdVRR8g
2017-04-01 15:51:26,848201144463757312,BBCRLSport,,Yet another win for Leicester City There's a quarter of the season left - how high can the Foxes finish in the Premier League? pic.twitter.com/hZXP916hy6
2017-04-01 15:51:23,848201132178624514,abdnormal,,Leicester city: we shall never lose again !
2017-04-01 15:46:49,848199983971127297,LiverpoolFF,,"Since losing to Leicester: 3 wins & 1 draw from Arsenal, Man City, Burnley and Everton."
2017-04-01 15:45:37,848199680362205185,BlueFoxNews,,Flares let off in city centre pub ahead of LCFC v Stoke match (Leicester Mercury) http://ift.tt/2mYHpZC
2017-04-01 15:45:00,848199526120775680,Fresh__News,,#LIVE Menit'87: Manchester United 0-0 West Brom | Chelsea 1-2 Crystal Palace | Leicester 2-0 Stoke City | Burnley 0-1 Tottenham
2017-04-01 15:42:40,848198940088553472,PrimeArepo,,Leicester City #EPL 5000-1
2017-04-01 15:42:16,848198838598877185,Eddie11stats,,Leicester city after they sacked Claudio WWWW Arsenal after they sacked... errr never mind!!!
2017-04-01 15:38:09,848197802224123904,omarcr71,,leicester city 3 vs stk 0: estoy viendo Leicester vs Stoke
2017-04-01 15:37:04,848197530563129346,PlaySports_mx,,80' @LCFC (Leicester City) 2-0 @stokecity #PremierLeague
2017-04-01 15:36:02,848197269585375232,TheOlutee,,Retweeted OptaJoe ( @OptaJoe): 1 - Leicester City have lost just one of their five previous Premier League games... http://fb.me/8gtZbjxcr
2017-04-01 15:35:52,848197229185839104,NJR_Yuna,,Leicester vs stoke city #win
2017-04-01 15:33:32,848196640515215360,LadyGooner8,,Leicester City is back on drugs.. that what it is.. still feel bad for the old man Ranieri!
2017-04-01 15:32:53,848196475247099904,ThapeloMan,,"Its incredible how Leicester City is fairing like sans Claudio Ranieri, these players ain't loyal..."
2017-04-01 15:32:06,848196278416805889,fotomac,,GOL: Leicester City-Stoke City 2-0 (47dk Jamie Vardy)http://www.fotomac.com.tr/canli-skor/canli-mac?Id=2252476 …
2017-04-01 15:31:36,848196154106019840,Yoursportsnews1,,Leicester City 1-0 Stoke City at halftime. (ESPN) Leicester City #YSNpic.twitter.com/fvXFNO3Yc9
2017-04-01 15:31:19,848196083092160513,TrendsLagos,,"Leicester City, @lcfc is now trending in #Lagos https://www.trendsmap.com/r/NG_LAG_utpshc pic.twitter.com/GwpEukkvFt"
2017-04-01 15:30:56,848195986279333888,adttaxis,,Leicester City News Leicester charity gets increase in calls after moving Rio... http://ow.ly/kdoN50azENL
2017-04-01 15:30:09,848195790359154689,LewisLew10,,Crystal Palace and Leicester City been revolutionised under Allardyce and Shakespeare
2017-04-01 15:30:01,848195757014384641,christianvnfifa,,BREAKING NEWS: LEICESTER CITY WIN THE CHAMPIONS LEAGUE (The Telegraph)
2017-04-01 15:29:42,848195677389824000,freebooks4udude,,Watch Live Stream : #leicestercity vs #StokeCity http://goo.gl/3CbC0C #LEISTK #stoke2leicesterpic.twitter.com/XL58tsY0Jn
2017-04-01 15:29:32,848195634826010624,chrissy_last,,This resurgence in #vardy makes me think he stopped playing for #Ranieri and probably had a big influence on the others #leicestercity
2017-04-01 15:26:32,848194877837987841,fgarcia111,,SÁBADO 01/04/2017 2/2: Leicester vs Stoke City; Hull City vs West Ham; Chelsea vs Crystal Palace; Burnley vs Tottenham. #PremierLeague J30
2017-04-01 15:26:24,848194844547829763,johneh_official,,2 contenders for goal of the season #OneTeam #onematch #leicestercity #LEISTK
2017-04-01 15:25:10,848194535662505989,chrisngwodo,,Hard to shake the feeling that Leicester City players downed tools&got Ranieri fired. Where was all this energy earlier in the season?
2017-04-01 15:25:07,848194522567856128,BaldyEchoes,,Stoke fans let some flares off at Yates in Leicester City centre. They're the only fireworks they'll see today that aren't Blue @LCFC #LTID
2017-04-01 15:25:07,848194522085560321,UtdSA,,Leicester City 1-0 Stoke City at halftime. (ESPN) http://ift.tt/1NKZUVZ #LCFC #PL
2017-04-01 15:22:10,848193778775183360,In_gene_year,,Leicester City Video: Jamie Vardy's volley from Danny Simpson's cross doubles lead over Stoke City (ESPN) http://ift.tt/VTgg6W
2017-04-01 15:22:07,848193769505775616,CoHNDRPC,,Athletico Madrid should underestimate Leicester City at their own peril. #ChampionsLeague
2017-04-01 15:20:56,848193468388323329,hf_jarrett,,"One thing is certain: If they take care of business, Leicester City won't be relegated to the bottom 3."
2017-04-01 15:19:55,848193212472799236,BoscoJl65,,Leicester City Video: Jamie Vardy's volley from Danny Simpson's cross doubles lead over Stoke City (ESPN) http://ift.tt/VTgg6W #Soccer
2017-04-01 15:19:31,848193111423668230,camibeth33,,Leicester City Video: Jamie Vardy's volley from Danny Simpson's cross doubles lead over Stoke City (ESPN) http://ift.tt/VTgg6W #Soccer
2017-04-01 15:19:24,848193083137298432,lrboylin,,ESPN:- Leicester City Video: Jamie Vardy's volley from Danny Simpson's cross doubles lead over Stoke City (ESPN) http://ift.tt/VTgg6W
2017-04-01 15:19:16,848193049549262849,MicheleGerren,,Leicester City Video: Jamie Vardy's volley from Danny Simpson's cross doubles lead over Stoke City (ESPN) pic.twitter.com/X9AhhbrLcJ
2017-04-01 15:19:02,848192989511995392,maliktaymur,,Leicester City Video: Jamie Vardy's volley from Danny Simpson's cross doubles lead over Stoke City (ESPN) http://ift.tt/VTgg6W #Soccer
2017-04-01 15:18:26,848192840425508864,nickafkas,,Leicester City Video: Jamie Vardy's volley from Danny Simpson's cross doubles lead over Stoke City (ESPN) http://ift.tt/VTgg6W #Soccer
2017-04-01 15:18:24,848192830078144513,Otunbaslim_9ja,,Leicester city ain't going down
2017-04-01 15:18:18,848192805130448896,_alandsamuel_,,Leicester City Video: Jamie Vardy's volley from Danny Simpson's cross doubles lead over Stoke City (ESPN) http://ift.tt/VTgg6W
2017-04-01 15:18:17,848192804065030144,Jack_Holitza,,Leicester City Video: Jamie Vardy's volley from Danny Simpson's cross doubles lead over Stoke City (ESPN) http://ift.tt/VTgg6W
2017-04-01 15:18:13,848192787157798912,aaronsidwell,,Pitch side with the chief! @rushtonaiter #kingpowerstadium #leicestercity https://www.instagram.com/p/BSWPSTHAopV/
2017-04-01 15:18:08,848192765896912896,georgegallagher,,Leicester City Video: Jamie Vardy's volley from Danny Simpson's cross doubles lead over Stoke City (ESPN) http://ift.tt/VTgg6W
2017-04-01 15:17:33,848192618811072512,iammrbrams,,The second Goal From Vardy #leicestercity #PremierLeague #Premierleague #EPL #epl http:http://bit.ly/2omESc7 pic.twitter.com/l371nvm1Qd
2017-04-01 15:17:26,848192587160801281,ahmadRMusa,,Leicester City Video: Jamie Vardy's volley from Danny Simpson's cross doubles lead over Stoke City (ESPN) … http://gistech.co
2017-04-01 15:17:21,848192565941817345,CelticCanada,,Leicester City Video: Jamie Vardy's volley from Danny Simpson's cross doubles lead over Stoke City (ESPN) http://ift.tt/VTgg6W #Soccer
2017-04-01 15:17:15,848192540876693505,tis4tom,,#ff: Leicester City Video: Jamie Vardy's volley from Danny Simpson's cross doubles lead over Stoke City (ESPN) http://ift.tt/VTgg6W
2017-04-01 15:17:13,848192533876355074,bu3gall,,Leicester City Video: Jamie Vardy's volley from Danny Simpson's cross doubles lead over Stoke City (ESPN) http://ift.tt/VTgg6W #Soccer
2017-04-01 15:17:04,848192498308706304,bucojoda,,Leicester City Video: Jamie Vardy's volley from Danny Simpson's cross doubles lead over Stoke City (ESPN) http://ift.tt/VTgg6W
2017-04-01 15:16:54,848192456214622208,LeicesterFooty,,Match Attax 16/17 > Nampalys Mendy Leicester City > #137 http://www.leicesterfootball.net/match-attax-1617-nampalys-mendy-leicester-city-137/ …
2017-04-01 15:16:38,848192385494417408,JohnBennettBBC,,Anyone still think the Leicester City owners made a mistake sacking Claudio Ranieri? #LCFC
2017-04-01 15:16:25,848192334852435968,JohanGGC,,Leicester City Video: Jamie Vardy's volley from Danny Simpson's cross doubles lead over Stoke City (ESPN) http://ift.tt/1NKZUVZ
2017-04-01 15:16:23,848192323943108608,Yoursportsnews1,,Leicester City Video: Jamie Vardy's volley from Danny Simpson's cross doubles lead over Stoke City (ESPN) http://ift.tt/VTgg6W
2017-04-01 15:16:22,848192320487002113,News0pk,,Leicester City Video: Jamie Vardy's volley from Danny Simpson's cross doubles lead over Stoke City (ESPN) http://ift.tt/VTgg6W #Soccer
2017-04-01 15:16:15,848192292175454209,GENERAL212K,,Leicester City Video: Jamie Vardy's volley from Danny Simpson's cross doubles lead over Stoke City (ESPN) http://ift.tt/VTgg6W
2017-04-01 15:16:11,848192275435991040,FutbolSoCal,,Leicester City Video: Jamie Vardy's volley from Danny Simpson's cross doubles lead over Stoke City (ESPN) http://ift.tt/VTgg6W
2017-04-01 15:16:05,848192250249179136,pentagramagroup,,Leicester City Video: Jamie Vardy's volley from Danny Simpson's cross doubles lead over Stoke City (ESPN) http://ift.tt/VTgg6W #Soccer
2017-04-01 15:16:04,848192245610237953,Iconjurer,,Leicester City Video: Jamie Vardy's volley from Danny Simpson's cross doubles lead over Stoke City (ESPN) http://ift.tt/VTgg6W #Soccer …
2017-04-01 15:16:03,848192241701195776,MalekSaalim,,Leicester city 2-0 stoke city 56 min Come on leicester We love we love leicester
2017-04-01 15:15:50,848192186101489665,acmilan_eb,,Leicester City looking to grab 5 consecutive wins if they hold their results against Stoke.
2017-04-01 15:15:48,848192179365392384,RSSDealFeeds,,Leicester City Video: Jamie Vardy's volley from Danny Simpson's cross doubles lead over Stoke City (ESPN) pic.twitter.com/6gnBjCIe81
2017-04-01 15:15:48,848192179080232960,RobKirkpatrick2,,Leicester City Video: Jamie Vardy's volley from Danny Simpson's cross doubles lead over Stoke City (ESPN) http://ift.tt/1NKZUVZ
2017-04-01 15:15:41,848192148189188096,ASSdelDeporte,,Leicester City Video: Jamie Vardy's volley from Danny Simpson's cross doubles lead over Stoke City (ESPN) http://ift.tt/VTgg6W
2017-04-01 15:15:37,848192129721651204,fussballdude,,#Fußball Leicester City Video: Jamie Vardy's volley from Danny Simpson's cross doubles lead over Stoke City (ESPN) http://ift.tt/VTgg6W
2017-04-01 15:15:30,848192102970396672,cric_niks,,Leicester City Video: Jamie Vardy's volley from Danny Simpson's cross doubles lead over Stoke City (ESPN) http://ift.tt/VTgg6W
2017-04-01 15:15:29,848192096439848960,usmnt_com,,Leicester City Video: Jamie Vardy's volley from Danny Simpson's cross doubles lead over Stoke City (ESPN) http://ift.tt/VTgg6W Read mor…
2017-04-01 15:15:28,848192092543254528,AmitKishore,,Leicester City Video: Jamie Vardy's volley from Danny Simpson's cross doubles lead over Stoke City (ESPN) http://ift.tt/VTgg6W
2017-04-01 15:14:31,848191854524809216,TheFantasyFooti,,47' Goal by Jamie Vardy (a: Simpson)! Leicester City leads 2-0 vs Stoke City. #LCFC #SCFC #PremierLeaguepic.twitter.com/LHJKt3DWRa
2017-04-01 15:12:53,848191444988739584,kelvinlwy,,#LeicesterCity is working on winning steak for the rest of the season.
2017-04-01 15:12:31,848191350088515584,SportsJournalNG,,VIDEO: Ndidi's scores 'wonder goal' for Leicester City http://dlvr.it/Nn0xl6 via @FC1Naijapic.twitter.com/6f992WGNFz
2017-04-01 15:12:30,848191348280762370,EmicVee,,VIDEO: Ndidi's scores 'wonder goal' for Leicester City http://dlvr.it/Nn0xk8 pic.twitter.com/HpvCUzhfPF
2017-04-01 15:12:27,848191335370719234,jonnoblood,,Leicester City #LCFC
2017-04-01 15:12:25,848191324817809408,IamToluLana,,VIDEO: Ndidi's scores 'wonder goal' for Leicester City http://dlvr.it/Nn0xb4 pic.twitter.com/ZBuBu9RbfZ
2017-04-01 15:12:15,848191283424251904,Bar_Baric,,VIDEO: Ndidi's scores 'wonder goal' for Leicester City http://dlvr.it/Nn0xBX via @FC1Naijapic.twitter.com/eXruY1occR
2017-04-01 15:12:12,848191273068515328,newsonspin,,VIDEO: Ndidi's scores 'wonder goal' for Leicester City http://dlvr.it/Nn0x5K pic.twitter.com/XGyjy8YOh2
2017-04-01 15:12:09,848191260728860672,fc1naija,,VIDEO: Ndidi's scores 'wonder goal' for Leicester City http://dlvr.it/Nn0wsb pic.twitter.com/AKmda6PDIq
2017-04-01 15:11:55,848191199806717952,lutfiabdi10,,Jamie Vardy Goal Leicester 2-0 Stoke City 01/04/2017: http://youtu.be/0G_qR-55e_I?a via @YouTube
2017-04-01 15:11:42,848191144303497216,nirasol1969,,Leicester City players have blatantly said to Ranieri (with their performances) you've helped us win the league now FUCK OFF #disgrace
2017-04-01 15:11:05,848190992385806336,inkabetpe,,LEICESTER vs STOKE City https://www.facebook.com/1018808534915984/videos/1037626783034159/ … http://fb.me/uqGQE2K2
2017-04-01 15:10:59,848190965156372480,AO_Sports,,52' Live score: #LeicesterCity 2-0 #StokeCity (English Premier League) http://english.ahram.org.eg/News/262017.aspx …
2017-04-01 15:10:41,848190891051307008,Fresh__News,,#LIVE Menit'54: Manchester United 0-0 West Brom | Chelsea 1-2 Crystal Palace | Leicester 2-0 Stoke City | Burnley 0-0 Tottenham
2017-04-01 15:10:33,848190858130317313,ADZ100K,,Leicester city are actually moving like Real Madrid galacticos
2017-04-01 15:10:15,848190781340999680,Scores24_7_365,,EPL : Leicester City : Jamie Vardy. Leicester City leads Stoke City 2-0 in the 48th minute pic.twitter.com/pj8uYKz4DG
2017-04-01 15:10:15,848190779759763456,uThami_SA,,Leicester City players fuxked Claudio Ranieri man......look at these dudes hayi
2017-04-01 15:10:13,848190772130320385,UKFootballTimes,,GOAL! Leicester 2-0 Stoke City (Vardy) More here: http://skysports.tv/EIsbWf pic.twitter.com/A5UnHc2N6Z
2017-04-01 15:10:09,848190754291896322,FollowHelpAL,,The second Goal From Vardy #leicestercity #PremierLeaguepic.twitter.com/nBSl82XqyC
2017-04-01 15:10:06,848190745400029184,effalixumab,,Craig Shakespeare Is Ready For Leicester City Managerial Role
2017-04-01 15:09:59,848190713179365376,twenty102,,Betting on Leicester city against athletico madrid in uefa is not a bad idea..the team as been doing good since d departure of Ranieri.
2017-04-01 15:09:46,848190659714584576,DonLuki14,,Leicester city on fire
2017-04-01 15:09:44,848190651309195265,Kittencasper,,I'm following Leicester City v Stoke City on @Onefootball. http://1.ftb.al/zNTc/xTG96CHCZB #Onefootballpic.twitter.com/hFSKSYz6pq
2017-04-01 15:09:41,848190636545232898,glennford0,,Another goal to #LCFC #LeiSto Leicester City 2 - 0 Stoke City. 47' Jamie Vardy scores for Leicester City! #FotMob http://www.fotmob.com/livescores/47/2252476/match-facts/ …
2017-04-01 15:09:38,848190627091275777,ESeXtraSoccer1,,Jamie Vardy Goal! Leicester VS Stoke City 2/0! 01.04.2017 http://youtu.be/dIciAcSe548?a
2017-04-01 15:09:21,848190556681498626,darrenforster69,,"Leicester City are an absolute disgrace. Winning again now that their lazy, overpaid footballers want to play for their manager and club"
2017-04-01 15:09:13,848190521352892416,superdeporteam,,LEICESTER vs STOKE City https://www.facebook.com/1018808534915984/videos/1037626783034159/ … http://fb.me/UcQLrnp9
2017-04-01 15:09:00,848190466843492357,amiesameon,,Jamie Vardy can help Leicester City win the World Cup ! Booyah pic.twitter.com/sijquz6GTY
2017-04-01 15:08:55,848190445440163840,_OMOSEH,,Leicester city scoring fantastic goals this afternoon.
2017-04-01 15:08:40,848190381871296513,Khutso_26,,Change of manager is paying off for Leicester City.
2017-04-01 15:08:32,848190349042475010,Goallive7,,Jamie Vardy Goal HD - Leicester City 2-0 Stoke City 01-04-2017 - http://www.dailymotion.com/video/x5gypo7_jamie-vardy-goal-hd-leicester-city-2-0-stoke-city-01-04-2017_sport … via @DailymotionUSA
2017-04-01 15:08:13,848190267429724161,FinneyBlake,,"Leicester City, Premier League Champions 2017/18 is absolutely happening next season now."
2017-04-01 15:08:06,848190239877156864,FoxesNews,,#Leicester #LeicesterCity #LCFC Leicester charity gets increase in calls after moving Rio... http://dld.bz/f8YWE
2017-04-01 15:07:59,848190209103716352,crucifix24,,The updated version of Leicester City
2017-04-01 15:07:50,848190172365824000,MollyShep,,"Fair play to Craig Snakespeare, he's got Leicester going #LCFC #leicestercity"
2017-04-01 15:07:49,848190169140350976,5acesports,,GOAL! Leicester City 2*-0 Stoke City. (Vardy) #5AS #PL
2017-04-01 15:07:41,848190135585918977,LeicesterTH,,LIVE : Leicester City 2-0 Stoke City GOALLLLLLLLLLLLLLLLLLLLLLLLLL เริ่มครึ่งหลังเพียง 2 นาที Jamie Vardy... http://fb.me/24aa6TFyO
2017-04-01 15:07:39,848190124819173377,RadioCadenaUno,,#PremierLeague | Fecha 30 | ¡Ya se juegan el ST! Leicester 1 - 0 Stoke City Manchester United 0 - 0 West Bromwich Watford 0 - 0 Sunderland
2017-04-01 15:07:34,848190105672179712,EPL0516,,GOAL! Leicester 2-0 Stoke City (Vardy) #LEISTK
2017-04-01 15:07:32,848190098931929088,effalixumab,,Leicester City Are 2 Goals Ahead Already Ranieri Dismissal Has Really Worked Wonders
2017-04-01 15:07:31,848190093844258816,Mr_Fries_95,,Leicester City's goals today though pic.twitter.com/5lJHzqrTDg
2017-04-01 15:07:30,848190089104691203,agentassassin,,#LeiSto Leicester city absolutely flying!
2017-04-01 15:07:27,848190075338993664,Youngmichael_D1,,Leicester city players making Craig Shakespeare look like prime SAF. #LeiSto
2017-04-01 15:07:12,848190013640769536,5nBOI,,Leicester city came here to score lovely goals. Vardy
2017-04-01 15:07:09,848190001074626564,SnyManXXX,,Struuu Leicester City sabotaged their coach .
2017-04-01 15:07:07,848189993365491713,TulsaRoughnecks,,USELESS TRIVIA: Only American team to ever play at Leicester City? NASL's Tulsa Roughnecks in 1979 @TTownSoccer @RoughnecksFCpic.twitter.com/ppjBOBEf6c
2017-04-01 15:07:07,848189990978899968,Le_Parisien76,,Buut De J.Vardy. Leicester City - Stoke City
2017-04-01 15:06:53,848189935790288898,SiyaFuzeSA,,Leicester City is back
2017-04-01 15:06:53,848189934565556225,shakeswebster,,Leicester City.
2017-04-01 15:06:50,848189921953230849,TweetsByNelsonM,,Leicester City are honestly a bunch of snakes led by Vardy
2017-04-01 15:06:48,848189913711472641,itvfootball,,GOAL! Jamie Vardy puts Leicester City 2-0 up against Stoke pic.twitter.com/tlUBZBmuCN
2017-04-01 15:06:46,848189904832036869,farahodhiambo,,Vardyyyyyy goallll Leicester City 2-0 Stoke City.
2017-04-01 15:06:42,848189886058377218,kicker_ENG,,Leicester City - Stoke City 2:0 Tor: Jamie Vardy (47.) #LEISTK http://www.kicker.de/news/fussball/intligen/england/barclays-premier-league/2016-17/30/3307932/livematch_leicester-city-511_stoke-city-1913.html#omsmtwkicker …
2017-04-01 15:06:35,848189858413772801,SoccerHeretic,,#LeicesterCity should have been qualifying for Europe again next season. Can't get that thought out of my mind at this point. #EPL #LCFC
2017-04-01 15:06:32,848189846480797696,asadwaddin,,Leicester City is back! https://twitter.com/premierleague/status/848189464316960768 …
2017-04-01 15:06:29,848189831305940992,OfficialSitso,,"Leciestee City are looking like ""Leicester City"""
2017-04-01 15:06:20,848189793506922496,fotomac,,GOL: Leicester City-Stoke City 2-0 (48dk Jamie Vardy)http://www.fotomac.com.tr/canli-skor/canli-mac?Id=2252476 …
2017-04-01 15:06:11,848189757725257729,AO_Sports,,Second half: #LeicesterCity v #StokeCity (English Premier League) http://english.ahram.org.eg/News/262017.aspx …
2017-04-01 15:06:09,848189747315048448,BBCRLSport,,That's Jamie Vardy's fourth goal in his last six appearances for Leicester City. He's having a party!
2017-04-01 15:06:07,848189742055346176,Leicesterbra,,Leicester 2 x 0 Stoke city #premierleaguesonaespn
2017-04-01 15:06:07,848189741807927296,King_Fut,,Goal! Vardy scores the second for Leicester City. @LCFC 2-0 @StokeCityAR
2017-04-01 15:06:03,848189725311717377,rfutbol,,"Gol Leicester, Leicester 2-0 Stoke City (min.47) #Leicester #StokeCity #PremierLeague"
2017-04-01 15:06:02,848189719712342017,lastmangame,,Goal! J. Vardy (47') scores for Leicester City. Leicester City 2 - 0 Stoke City
2017-04-01 15:05:59,848189706458288128,Youngmichael_D1,,Leicester city players are snakes.
2017-04-01 15:05:59,848189705325826048,StarboyTp,,HT: Leicester City 1-0 Stoke City Wilfried Ndidi scores his first Premier League goal in style. Brilliant finish. pic.twitter.com/We3r967KJW
2017-04-01 15:05:52,848189677593018374,Actually_Soccer,,#LEISTO #LEICESTERCITY #PL #PREMIERLEAGUE http://actually-soccer.blogspot.tw/ #followback #supporters #soccer great ! 2-0 !https://twitter.com/premierleague/status/848189464316960768 …
2017-04-01 15:05:47,848189658353852416,SkySportsPL,,GOAL! Leicester 2-0 Stoke City (Vardy) More here: http://skysports.tv/EIsbWf pic.twitter.com/QA4Xe0af2a
2017-04-01 15:05:47,848189657972170753,AO_Sports,,Second half: Leicester City v Stoke City (English Premier League) http://english.ahram.org.eg/News/262017.aspx …
2017-04-01 15:05:36,848189609917825025,elliot_brand,,@RattoNBCS Is Mississippi State this years Leicester City?
2017-04-01 15:05:21,848189547234172930,aayzay,,Leicester city. WTF
2017-04-01 15:05:11,848189504418664448,FiTEPLFeed,,VARDY!! Leicester City have the second.. it’s come just after the restart! #goal
2017-04-01 15:05:11,848189504406073344,GoalESLFeed,,VARDY!! Leicester City have the second.. it’s come just after the restart! #goal
2017-04-01 15:05:11,848189504364130304,fantasyiteam,,VARDY!! Leicester City have the second.. it’s come just after the restart! #goal
2017-04-01 15:04:55,848189440073781249,SBOBET,,47' Jamie Vardy doubles #LCFC's lead! Leicester 2-0 Stoke City Bet now @http://goo.gl/INX24U . #LEISTK #PLpic.twitter.com/o8cCdIFa79
2017-04-01 15:04:49,848189415503667200,SMStoke,,"GOAL! Leicester City 2-0 Stoke City (Jamie Vardy, 46'). Join us live: http://sm.mg/x5pyq2n #lcfc #scfc"
2017-04-01 15:04:49,848189413347573760,SMLeicester,,"GOAL! Leicester City 2-0 Stoke City (Jamie Vardy, 46'). Join us live: http://sm.mg/x5pyq2n #lcfc #scfc"
2017-04-01 15:04:49,848189412206948352,_OMOSEH,,RT @GoalFlash: Leicester City *2-0 Stoke City (47') #LEISTK http://m.onelink.me/83e15e72 #GoalFlash #BPL-who's there?
2017-04-01 15:04:48,848189409023467520,SuperSportBlitz,,#PL – Goal Alert: Leicester City *2-0 Stoke City *(Vardy 47‘) #SSFootball
2017-04-01 15:04:48,848189408088141824,Pobstongue,,#leicestercity Jamie vardy 2.0 back to our best again
2017-04-01 15:04:46,848189402014781440,theKingScores,,"47' GOAL, VARDY #LCFC 2-0 #SCFC, #EPL #LeicesterCity #Vardy, http://bit.ly/2jE1Dl5 pic.twitter.com/vhwejC2bXT"
2017-04-01 15:04:45,848189395249360897,IamColley__,,Leicester City players and management are
2017-04-01 15:04:43,848189390404943873,LigaBwn,,OTRO GOLLLLL 47' Leicester City [2] - 0 Stoke City
2017-04-01 15:04:39,848189373153673217,WeAreFootballGB,,GOAL! - Leicester City 2-0 Stoke City. (Vardy)
2017-04-01 15:04:36,848189361028046849,Football__Tweet,,GOAL: Leicester City 2 - 0 Stoke City. JAMIE VARDY IS HAVING A PARTY! #LCFC #SCFC
2017-04-01 15:04:33,848189348596068353,kckane,,The Leicester City fairytale is up and running once again.
2017-04-01 15:04:31,848189338437505024,guardian_sport,,Goal! Leicester City 2-0 Stoke City (Vardy) – live! https://www.theguardian.com/football/live/2017/apr/01/manchester-united-v-west-brom-burnley-v-tottenham-live?CMP=share_btn_tw … #lcfc #scfc
2017-04-01 15:04:28,848189325334372354,SoS_Insane,,"Leicester City, 2-0 up, bunch of cunts!"
2017-04-01 15:03:40,848189125786296321,zeroslant,,Quick Take: Stoke City VS Leicester City http://zeroslant.com/m/W2L3CPEUYS7O #king #stokecity #pictured #power #gamepic.twitter.com/XVMsgrb9nk
2017-04-01 15:03:32,848189088775753728,GoalFlash,,Leicester City *2-0 Stoke City (47') #LEISTK http://m.onelink.me/83e15e72 #GoalFlash #BPL
2017-04-01 15:03:02,848188964611604480,SBOBET,,46' Second half starts now! Leicester 1-0 Stoke City Place your bets now @http://goo.gl/INX24U . #LEISTK #PL
2017-04-01 15:02:41,848188877281964032,FichajeGoleador,,¡¡SEGUNDOS TIEMPOS!! Burnley 0-0 Tottenham Chelsea 1-2 Crystal Palace Leicester 1-0 Stoke City Man United 0-0 West Brom #PL [FECHA 30]
2017-04-01 15:01:02,848188462897532928,BlueFoxNews,,Leicester City U18s 1 Sunderland U18s 1: Last-gasp strike denies young Black Cats (Sunderland Echo) http://ift.tt/2omc3vW
2017-04-01 15:00:09,848188240276451329,IamZIDY,,Ndidi will surely leave Leicester City in the summer. He has been magical.
2017-04-01 15:00:02,848188212044595200,WillWardAV,,Leicester city groundsman pattern merchant
2017-04-01 14:59:55,848188182734811136,lace_lisa,,"#LeiSto @22Demarai on fire today, hope he gets a goal he's definitely #motm for me! #lcfc #leicestercity #leicestercityvsstokecitypic.twitter.com/Zz1TFmyOHo"
2017-04-01 14:59:37,848188103131004929,VivamosDeportes,,#PremierLeague | Entretiempo Burnley 0-0 Tottenham Chelsea 1-2 Crystal Palace Hull City 0-1 West Ham Leicester City 1-0 Stoke City
2017-04-01 14:59:01,848187955118297088,Geepeeoflife,,I was one of the people that supported the sackin of Claudio Ranieri. Can u all see the glory of the LORD on Leicester City now? #LEIvStoke
2017-04-01 14:59:01,848187953260236800,Mohamad_suror,,<3 — watching Leicester City vs Stoke City
2017-04-01 14:58:59,848187946771644423,effalixumab,,Ndidi Is Just There Starting Every Week For Leicester City & Doing His Job In His Mind Lemme See How I Won't Be A Starter For Super Eagles
2017-04-01 14:58:56,848187933823610880,Leicupdates,,Raise a glass to Leicester City with the return of Vardy's Volley http://dlvr.it/Nn0jD2 pic.twitter.com/4znweTdo4k
2017-04-01 14:58:11,848187745877069825,Gochu75,,"Leicester City vs Stoke City Score: 1 - 0 Min: 25 Goal!! Wilfred Ndidi right footed shot Assist by: Danny Simpson, Leicester City ..."
2017-04-01 14:58:11,848187742416769025,StreamcentralUK,,"LIVE STREAMING NOW leicester city v stoke city, live and free football streams now here - http://tvpass.tv/Schedules/Football.php …"
2017-04-01 14:57:21,848187535805358080,LegsFeedWolf80,,"Leicester City, 5000-1 odds(?), and MSU upsetting a 111-game streak against the greatest NCAAW team ever? THOSE are underdogs."
2017-04-01 14:57:00,848187446277922816,chrissiegharris,,Leicester city scor for today
2017-04-01 14:56:53,848187416192180224,OfficialSitso,,I guess they can also watch the first half of Manchester United vs Leicester City.
2017-04-01 14:55:53,848187166924709888,PhilipScranage,,"Leicester City, Leave, Donald Trump, Chicago Cubs, and finally anyone but Connecticut. What a year!"
2017-04-01 14:55:16,848187011374604288,Fresh__News,,#LIVE Half Time: Manchester United 0-0 West Brom | Chelsea 1-2 Crystal Palace | Leicester 1-0 Stoke City | Burnley 0-0 Tottenham
2017-04-01 14:55:16,848187011152347136,EWNsport,,#PL HT: Chelsea 1-2 Crystal Palace Man U 0-0 West Brom Hull City 0-1 West Ham Leicester City 1-0 Stoke City Burnley 0-0 Tottenham
2017-04-01 14:54:41,848186863852560385,Football_TaIk,,Leicester City's groundsman deserves a medal pic.twitter.com/ZkrUToc6JG
2017-04-01 14:54:38,848186849046777857,RaphySuhn420,,@leicestercity shall end up in the top half of the league https://twitter.com/SuperSportBlitz/status/848185995610787841 …
2017-04-01 14:54:31,848186820399693828,chrissiegharris,,Leicester city score
2017-04-01 14:54:27,848186803303702530,infobola777,,HT Burnley 0 - 0 Tottenham Hotspur Chelsea 1 - 2 Crystal Palace Hull City 0 - 1 West Ham United Leicester City 1... http://fb.me/8SunCTWGt
2017-04-01 14:54:24,848186792662753281,AO_Sports,,Halftime: #LeicesterCity 1-0 #StokeCity http://english.ahram.org.eg/News/262017.aspx …
2017-04-01 14:53:56,848186675767455744,GhettoRadio895,,HALFTIME : Burnley 0 - 0 Tottenham Chelsea 1 - 2 C .Palace Hull City 0 - 1 West Ham Leicester City 1 - 0 Stoke #CHECRY #Offsidepic.twitter.com/REVAbYYplg
2017-04-01 14:53:46,848186631827968000,safcbuzztap,,sunderlandecho .com >> Leicester City U18s 1 Sunderland U18s 1: Last-gasp strike denies young Black Cats http://buzztap.com/-QkIRZW
2017-04-01 14:53:29,848186563288858625,Scores24_7_365,,"EPL : at halftime at King Power Stadium, Leicester City leads Stoke City 1-0. Shots (on goal) LEI: 13 (2) SC: 2 (1) Possession"
2017-04-01 14:52:41,848186359076540420,theboywitts,,Did Ndidi score? He did indeedy. #footballtweetsfromthetrain #LeiSto #LCFC #leicestercity
2017-04-01 14:52:24,848186287567843328,NaijaBet,,HT : Leicester City 1 - 0 Stoke City Wilfried Ndidi scores his first Premier League goal in style. Brilliant finish. #NaijaBetpic.twitter.com/MGRRQywyrL
2017-04-01 14:51:19,848186018125815809,ouggi,,Half time: Leicester 1-0 Stoke City
2017-04-01 14:51:14,848185995610787841,SuperSportBlitz,,#PL – HT: Leicester City 1-0 Stoke City #SSFootball
2017-04-01 14:51:02,848185943869841409,rfutbol,,Descanso Leicester 1-0 Stoke City #Leicester #StokeCity #PremierLeague
2017-04-01 14:50:49,848185892271521792,FutbolBritanico,,Descansos: Burnley 0-0 Tottenham Chelsea 1-2 Palace Hull City 0-1 West Ham Leicester 1-0 Stoke ManUtd 0-0 West Brom Watford 0-0 Sunderland
2017-04-01 14:50:28,848185803356426240,iDareU_,,It's like Leicester City has rediscovered their last season' form. Leading by 1 goal at HT against Stock city
2017-04-01 14:50:27,848185799627636736,GameYetu,,HT Burnley 0-0Tottenham Chelsea1 -2 Crystal Hull City 0-1 West H Leicester 1-0Stoke Utd0-0West B Watford 0-0 Sunderl Southam-Bourne7:30pm
2017-04-01 14:49:40,848185602172432384,johnrzb,,HT #PremierLeague Man United 0-0 West Brom Chelsea 1-2 Palace Leicester 1-0 Stoke City Watford 0-0 Sunderland Hull City 0-1 West Ham
2017-04-01 14:49:31,848185561756119040,BigRedBench,,HALF TIME: Burnley 0-0 Spurs Chelsea 1-2 Palace Hull City 0-1 West Ham Leicester 1-0 Stoke Man United 0-0 West Brom Watford 0-0 Sunderland
2017-04-01 14:49:06,848185460308488193,footballnews335,,Will Leicester stay infront against Stoke? #leicestercity #LeiSto #stoke #PremierLeague #Matchday
2017-04-01 14:48:59,848185430738690048,Betfred,,#PL HT Scores Burnley 0-0 Tottenham Chelsea 1-2 Palace Hull 0-1 West Ham Leicester City 1-0 Stoke Man United 0-0 WBA Watford 0-0 Sunderland pic.twitter.com/Ah0MIvfyvV
2017-04-01 14:48:50,848185392608268292,King_Fut,,HT: Leicester City 1-0 Stoke City Hull City 0-1 West Ham
2017-04-01 14:48:45,848185371170979840,LCFC_Indonesia,,Half-Time: Leicester 1-0 Stoke City
2017-04-01 14:48:38,848185339118333953,theKingScores,,"HALF TIME RESULT 1-0 #LCFC vs #SCFC, #EPL #LeicesterCity #StokeCity, http://bit.ly/2jE1Dl5 pic.twitter.com/s6ywbvd39D"
2017-04-01 14:48:30,848185308382408704,Eljay_AFC,,Ndidi is becoming a good signing for Leicester city
2017-04-01 14:48:23,848185277776617476,itvfootball,,Half time: Leicester 1-0 Stoke City pic.twitter.com/U0qlTHn6Ww
2017-04-01 14:48:21,848185268586766336,FichajeGoleador,,¡¡DESCANSOS!! Burnley 0-0 Tottenham Chelsea 1-2 Crystal Palace Leicester 1-0 Stoke City Man United 0-0 West Brom #PL [FECHA 30]
2017-04-01 14:48:11,848185227201720321,SMStoke,,HALF-TIME: Leicester City 1-0 Stoke City. Join us live: http://sm.mg/x5pyq2n #lcfc #scfc
2017-04-01 14:48:11,848185225976926208,SMLeicester,,HALF-TIME: Leicester City 1-0 Stoke City. Join us live: http://sm.mg/x5pyq2n #lcfc #scfc
2017-04-01 14:47:56,848185163347632128,BBCRLSport,,Leicester City have been... What's the word? Dominant! pic.twitter.com/3GJUQCIcwd
2017-04-01 14:47:50,848185139679027200,FPL_MY,,HT. Leicester City 1 - 0 Stoke City Penjaring: Ndidi Assist: Simpson
2017-04-01 14:47:13,848184985634963457,FIRST4LCFC,,HT Leicester City 1-0 Stoke City. The Foxes impress in the first half and deservedly lead at the break. Keep it up lads! #LCFC
2017-04-01 14:47:07,848184959630270466,LCFC,,HALF-TIME: Leicester City 1-0 Stoke City #LeiStopic.twitter.com/NoMgCJSirj
2017-04-01 14:46:33,848184817665679360,TipsterHQ,,Leicester v Stoke City (Tip) http://ift.tt/2nqIQvc
2017-04-01 14:46:33,848184815878905856,TipsterHQ,,Leicester v Stoke City (Tip) http://ift.tt/2nWxHGh
2017-04-01 14:46:20,848184761021419520,fmoviecc,,Leicester City vs Stoke City Live Stream http://www.footballlivestreamings.com/2017/04/leicester-city-vs-stoke-city-live-stream.html … #HDTV
2017-04-01 14:46:08,848184710878552066,SSNU_s,,LIVE: Leicester City vs Stoke City http://dlvr.it/Nn0XM9
2017-04-01 14:46:05,848184697838587904,100Lcfc,,Leicester City team news: One change for Premier League clash... http://ow.ly/bEmI50azCPZ
2017-04-01 14:44:16,848184241909362688,yo_blogmedia,,LIVE: Leicester City vs Stoke City http://dlvr.it/Nn0WBF #yemioloyedeblogpic.twitter.com/iCrRHgglD0
2017-04-01 14:44:13,848184230261563393,adweber4,,LIVE: Leicester City vs Stoke City http://www.goal.com/en-us/news/85/england/2017/04/01/34206702/live-leicester-city-vs-stoke-city …pic.twitter.com/rdKqQ0La1a
2017-04-01 14:42:38,848183832314601474,FanaticMadridi6,,I guess there is a competition between gray and Mahrez LOL #leicestercity Vsstockecity
2017-04-01 14:42:01,848183674290003968,HAkpojero,,Ndidi scores with a great strike from 25yards to give Leicester city the lead against Stoke city #LEISTK
2017-04-01 14:41:15,848183482031501313,talkSPORTLive,,Yes Ndidi! How good was the Leicester man's goal against Stoke City? #topbins #LCFC #SCFC #PLpic.twitter.com/z7nsdZQQh1
2017-04-01 14:41:06,848183445603794944,moquazeem9,,LIVE: Leicester City vs Stoke City http://dlvr.it/Nn0T6K
2017-04-01 14:41:06,848183443422797824,olufemiadelaja,,LIVE: Leicester City vs Stoke City http://dlvr.it/Nn0T50
2017-04-01 14:41:05,848183441434845184,elpalco_sv,,40' Manchester United 0-0 WBA Leicester 1-0 Stoke City Burnley 0-0 Tottenham
2017-04-01 14:41:05,848183439744409600,dickiesray,,LIVE: Leicester City vs Stoke City http://dlvr.it/Nn0T2z
2017-04-01 14:41:03,848183433167642624,unklejoshz,,LIVE: Leicester City vs Stoke City http://dlvr.it/Nn0SzS
2017-04-01 14:40:39,848183332118511616,hdtv51,,Leicester City vs Stoke City Live Stream Link ► http://bit.ly/soccertvhd Link ► http://bit.ly/soccertvhd .
2017-04-01 14:40:04,848183186807042051,caseman819,,Ndidi for Leicester City..
2017-04-01 14:39:57,848183154934525952,gashiylli223,,Danny Simpson Goal HD - Leicester City 1-0 Stoke City - 01.04.2017 HD - http://www.dailymotion.com/video/x5gymnz_danny-simpson-goal-hd-leicester-city-1-0-stoke-city-01-04-2017-hd_sport … via @DailymotionUSA
2017-04-01 14:39:20,848183000844177409,TopFGallard,,Leicester-Stoke City en directo https://rssfla.re/1192388/leicester-stoke-city-en-directo …
2017-04-01 14:39:19,848182998000435203,FlorenTimoPeret,,Leicester-Stoke City en directo https://rssfla.re/1192388/leicester-stoke-city-en-directo …
2017-04-01 14:39:07,848182946632572930,eplfeeds,,WATCH: Ndidi's stunner for Leicester #epl @ESPNFC: English Premier League: Wilfred Ndidi (25') Leicester City 1-0… http://dlvr.it/Nn0R3l
2017-04-01 14:34:48,848181858076467200,DennisDietsch1,,#Focus: Premiere League - Leicester City gegen Stoke City live - 1:0 http://dlvr.it/Nn0NRm #Neuigkeiten #Nachrichtenpic.twitter.com/4kWYEAItAJ
2017-04-01 14:34:47,848181856721805312,Zwitscher_Vogel,,#Focus Premiere League - Leicester City gegen Stoke City live - 1:0 http://dlvr.it/Nn0NRc #Nachrichten #Neuigkeitenpic.twitter.com/4ESK8IiWGq
2017-04-01 14:34:36,848181810869796864,glennford0,,Goal #LCFC #LeiSto #PremierLeague Leicester City 1 - 0 Stoke City. 25' Onyinye Ndidi scores for Leicester City! http://www.fotmob.com/livescores/47/2252476/match-facts/ …
2017-04-01 14:33:29,848181528932864001,SportOnLive,,LIVE: #Leicester City vs #Stoke City http://wp.me/p67m4w-eNQ pic.twitter.com/ufIfDVcQJd
2017-04-01 14:33:09,848181443293523969,franklysundiler,,Leicester city it's not fair
2017-04-01 14:33:06,848181431842988032,thena93,,Barisan Nasional and Leicester City FC have something in common. U feel tht they r gonna go down this year bt SURPRISE.They r here to stay.
2017-04-01 14:32:20,848181237244186625,RodriM3105,,Don't know how one of the big ones hasn't snatched #Drinkwater. One of the best mids in #BPL #Foxes #leicestercity
2017-04-01 14:32:15,848181216717283330,Sstino_,,"Both of Wilfred Ndidi's goals for Leicester City have been scored from outside the box (one in the PL, one in the FA Cup)."
2017-04-01 14:31:53,848181127370219521,FutbolModerno_,,25' ¡GOOOOOOOOOOOOOOOOOOOOOOOOOOOOOOOOOOOOOOOL de los Foxes!. GOLAZAZAZO de Ndidi. Leicester City 1-0 Stoke City.
2017-04-01 14:31:51,848181119426211841,Ikecony,,"Both of Wilfred Ndidi's goals for Leicester City have been scored from outside the box (one in the PL, one in the FA Cup)."
2017-04-01 14:31:31,848181031501004801,adubolacom,,"Hasil Leicester City vs Stoke City, 1 April 2017 pic.twitter.com/wFCXA2ahAS"
2017-04-01 14:31:26,848181011548483585,Fresh__News,,#LIVE Menit'30: Manchester United 0-0 West Brom | Chelsea 1-2 Crystal Palace | Leicester 1-0 Stoke City | Burnley 0-0 Tottenham
2017-04-01 14:30:56,848180887439257602,forcarrod11,,Leicester City
2017-04-01 14:30:43,848180832212852736,UKFootballTimes,,GOAL! Leicester 1-0 Stoke City (Ndidi) More here: http://skysports.tv/EIsbWf pic.twitter.com/v52CCtDP2u
2017-04-01 14:30:36,848180802928218119,futmundoespn,,Premier League Agora no Watch ESPN Burnley 0x0 Tottenham Hull City 0x1 West Ham Leicester 1x0 Stoke City Watford 0x0 Sunderland
2017-04-01 14:30:31,848180780362719234,TheFantasyFooti,,"25' Goal by Wilfred Ndidi (a: Simpson)! Leicester City moves away from Stoke City, the score is 1-0. #LCFC #SCFC #PremierLeague"
2017-04-01 14:30:29,848180773924614145,lance458,,Ndidi has scored a superb goal for Leicester city..oyaaa
2017-04-01 14:30:26,848180760314085377,dinhoptarh,,W. Ndidi scores first Leicester City league goal. Congratulations homie #Nigeria #Leicester #LeiSto
2017-04-01 14:30:20,848180737438298112,BlueFoxNews,,Raise a glass to Leicester City with the return of Vardy's Volley (Brief http://Report.co.uk ) http://ift.tt/2mYF0Op
2017-04-01 14:30:17,848180724876181504,fantasyiteam,,The Leicester City pitch yet again looks incredible! pic.twitter.com/NKFEHHUh0Q
2017-04-01 14:30:12,848180702474641410,Josepds81,,Can anyone stop Leicester city now they are remembered how to win.
2017-04-01 14:30:07,848180683138883584,LeicesterTH,,LIVE : Leicester City 1-0 Stoke City GOALLLLLLLLLLLLLLLLLLLLLLLLLL นาที 25 Onyinye Ndidi ยิงประตูขึ้นนำให้... http://fb.me/2oyOq2Eci
2017-04-01 14:30:03,848180664809795585,mfonabel,,Ndidi amazing goal for Leicester City pic.twitter.com/hKL805U3ho
2017-04-01 14:29:53,848180622208245764,GhettoRadio895,,#EPL 25' Leicester City 1 - 0 Stoke City #Offside
2017-04-01 14:29:47,848180598359412736,OfficialFPL,,"The assist for Leicester City's opening goal has been awarded to Simpson, who laid the ball off to Ndidi #FPLhttps://twitter.com/premierleague/status/848179647036739584 …"
2017-04-01 14:29:41,848180570807050240,GaryFTM,,@GaryLineker @LCFC All these Leicester City players are a bunch of snakes. Downed tools on Ranieri's watch..... #shameful
2017-04-01 14:29:40,848180569196212225,Soccerfield_HQ,,LEICESTER CITY VS STOKE CITY! 1-0! WILFRIED NDIDI! WHAT A SCREAMER!
2017-04-01 14:29:37,848180553815908352,kicker_ENG,,Leicester City - Stoke City 1:0 Tor: Onyinye Ndidi (25.) #LEISTK http://www.kicker.de/news/fussball/intligen/england/barclays-premier-league/2016-17/30/3307932/livematch_leicester-city-511_stoke-city-1913.html#omsmtwkicker …
2017-04-01 14:29:30,848180525181407235,GoodKidManCity,,GO AWAY RT @SkyFootball: GOAL! Leicester 1-0 Stoke City (Ndidi) More here: http://skysports.tv/EIsbWf pic.twitter.com/cGKvkr7oW6
2017-04-01 14:29:28,848180519082840065,BBCRLSport,,"Opta: Both of Wilfred Ndidi's goals for Leicester City have been scored from outside the box (one in the Premier League, one in the FA Cup)"
2017-04-01 14:29:23,848180498279149568,LagosTalks913,,@LCFC MIDFIELDER @Ndidi25 HAS JUST SCORED AN ABSOLUTE THUNDERBOLT! Its Leicester City 1 Stoke City 0! pic.twitter.com/gSuyukeiDx
2017-04-01 14:29:21,848180489261338628,Stoke_Football,,Leicester City Team News http://www.stokefootball.com/leicester-city-team-news/ …pic.twitter.com/lAp9ImtD9H
2017-04-01 14:29:09,848180439034540033,Scores24_7_365,,EPL : Leicester City : Onyinye Ndidi. Leicester City leads Stoke City 1-0 in the 25th minute pic.twitter.com/lNBHvrfrDH
2017-04-01 14:29:06,848180425570832384,illegitimateKE,,"2 - Both of Wilfred Ndidi's goals for Leicester City have been scored from outside the box (one in the PL, one in the FA Cup). Missile."
2017-04-01 14:29:06,848180423859597313,spunky_peter,,Nice goal from my guy Ndidi for Leicester against Stoke city.
2017-04-01 14:28:49,848180354368380930,mmkalla,,27' Leicester City 1 - 0 Stoke City #usanjariwasokapic.twitter.com/kzWBOHEMBs
2017-04-01 14:28:38,848180309656993792,dcg82,,Never grown to like then dislike a team quicker than Leicester City... fancy mugging off Claudio like that pic.twitter.com/1OuacQh31F
2017-04-01 14:28:36,848180300807110656,5acesports,,GOAL! Leicester City 1*-0 Stoke City. (Ndidi) #5AS #PL
2017-04-01 14:28:36,848180298064031744,OptaJoe,,"2 - Both of Wilfred Ndidi's goals for Leicester City have been scored from outside the box (one in the PL, one in the FA Cup). Missile."
2017-04-01 14:28:28,848180265671327746,ChikezieDozie,,Wilfred Ndidi with a stunner for Leicester City.. The last time I saw him do this he was at Genk... Omo Naija.. #LEISTK
2017-04-01 14:28:09,848180184280965120,LigaBwn,,MAS GOLES 28' Leicester City [1] - 0 Stoke City 13' Osasuna 0 - [1] Athletic Bilbao
2017-04-01 14:27:48,848180096628293632,ijohnjassy,,Lol Leicester city player scored.. https://twitter.com/kanebi247/status/848179802574082049 …
2017-04-01 14:27:42,848180072620204033,farahodhiambo,,Goal!! Leicester 1-0 Stoke City.( Ndindi.)
2017-04-01 14:27:33,848180035785822209,kolejboy,,"What a goal from ndidi ,Leicester city flying high under the interim manager"
2017-04-01 14:27:30,848180022191968259,SBOBET,,26' What a shot! Wilfred Ndidi scores from 25 yards. Leicester City 1-0 Stoke City #LCFC #SCFC #LeiSTKpic.twitter.com/1jrk5oWq2k
2017-04-01 14:27:23,848179993800843264,zandarygasy,,"Retweeted Stoke City FC ( @stokecity): 24- Goal, Leicester. Ndidi with an emphatic strike that no goalkeeper... http://fb.me/7EfwM2zfz"
2017-04-01 14:27:23,848179993565908992,Le_Parisien76,,Buut De W.Ndidi. Leicester City FC - Stoke City FC
2017-04-01 14:27:19,848179978332246018,CboyONline,,"And Wilfred Ndidi scores for Leicester,.. Wat a superb strike, 1:0 against stoke city"
2017-04-01 14:27:17,848179968941096960,Tetr4ctisSrl,,#PremierLeague #LeicesterCity 1-0 #StokeCity. 26° LeicesterCity in GOL con #Simpson http://live.tetractis.it/live/calcio/index.shtml?competition_path=premier_league …
2017-04-01 14:27:13,848179951161552896,King_Fut,,Goal! Ndidi scores for Leicester City @LCFC 1-0 @StokeCityAR
2017-04-01 14:27:11,848179943007760384,Sibo_Nene,,Look at Leicester City players score screamers when they couldn't score tap ins under Raineri!
2017-04-01 14:27:09,848179935596490752,Leicesterbra,,Leicester 1 x 0 Stoke city #premierleaguesonaespn
2017-04-01 14:27:06,848179922518650884,tobi_marley,,Ndidi just scored a masterclass for Leicester city #MadeOfFootball
2017-04-01 14:27:04,848179914658467840,Noni_Sniper,,Ndidi smashing one for Leicester City #LEISTK
2017-04-01 14:27:02,848179905535909888,rfutbol,,"Gol Leicester, Leicester 1-0 Stoke City (min.26) #Leicester #StokeCity #PremierLeague"
2017-04-01 14:27:02,848179903270981633,lastmangame,,Goal! D. Simpson (26') scores for Leicester City. Leicester City 1 - 0 Stoke City
2017-04-01 14:26:53,848179869531983872,effalixumab,,"Fams ""Ndidi"" Just Scored A Cracker For Leicester City GOAL Of The Week Contender"
2017-04-01 14:26:53,848179865517993984,CitiSportsGHA,,GOAL: Leicester 1-0 Stoke City [Ndidi fires in an absolutely beautiful strike] #CitiSports
2017-04-01 14:26:46,848179839010054144,cypress1978,,¡Gol! Leicester City 1-0 Stoke City. Wilfred Ndidi (LEI) en el 25' #PremierLeague
2017-04-01 14:26:42,848179820999589889,FichajeGoleador,,26’ ¡GOOOOOOOOOOOL DE WILFRIED NDIDI!¡GOOOOOOL DEL LEICESTER! Leicester 1-0 Stoke City #PL [FECHA 30]
2017-04-01 14:26:42,848179819594616838,revtasie,,This Ndidi guy keeps impressing. Thunderbolt to put Leicester City ahead
2017-04-01 14:26:35,848179792260345856,SuperSportBlitz,,#PL – Goal Alert: Leicester City *1-0 Stoke City *(Ndidi 26‘) #SSFootball
2017-04-01 14:26:33,848179784618319873,OffTheBallAM,,GOAL!!! Leicester go in front against Stoke City through Danny Simpson #PremierLeague
2017-04-01 14:26:33,848179781996826624,SMStoke,,"GOAL! Leicester City 1-0 Stoke City (Danny Simpson, 26'). Join us live: http://sm.mg/x5pyq2n #lcfc #scfc"
2017-04-01 14:26:32,848179780637904896,SMLeicester,,"GOAL! Leicester City 1-0 Stoke City (Danny Simpson, 26'). Join us live: http://sm.mg/x5pyq2n #lcfc #scfc"
2017-04-01 14:26:31,848179776737218562,kokififty5,,Leicester city on a come back trail
2017-04-01 14:26:30,848179770663849984,domferretti11,,LEICESTER CITY 1-0
2017-04-01 14:26:29,848179767534866434,paniekvoetbal,,25' Doelpunt Ndidi ( #leicestercity) #leistk 1-0
2017-04-01 14:26:19,848179726720135168,freebets,,GOAL - Leicester 1-0 Stoke City Ndidi with the opener.
2017-04-01 14:26:16,848179711737868288,goal_gulf,,LIVE: Leicester City vs Stoke City http://dlvr.it/Nn0F0R pic.twitter.com/w67OKUcpzx
2017-04-01 14:26:14,848179703915716609,Lawrence_Selema,,#EPLDiski Leicester city's goal wow
2017-04-01 14:26:12,848179694394634240,xbee_17,,Sly Foxes. Leicester city
2017-04-01 14:26:11,848179692666585091,fantasyiteam,,NDIDI!! Now that’s how you open the scoring!! What a strike! Leicester City 1-0 Stoke #goal
2017-04-01 14:26:11,848179692586893313,FiTEPLFeed,,NDIDI!! Now that’s how you open the scoring!! What a strike! Leicester City 1-0 Stoke #goal
2017-04-01 14:26:11,848179692578516995,GoalESLFeed,,NDIDI!! Now that’s how you open the scoring!! What a strike! Leicester City 1-0 Stoke #goal
2017-04-01 14:26:10,848179689105620992,ScoresPro,,Soccer #Livescore: (ENG-EPL) #LeicesterCity vs #StokeCity: 1-0. Goal for Leicester City ...
2017-04-01 14:26:06,848179671032356866,ScoresProLive,,Soccer #Livescore: (ENG-EPL) #LeicesterCity vs #StokeCity: 1-0. Goal for Leicester City ...
2017-04-01 14:26:03,848179657564450816,FLIPSportsapp,,GOAL! Leicester 1-0 Stoke City (Ndidi) #LEISTO
2017-04-01 14:26:00,848179646625697794,fotomac,,GOL: Leicester City-Stoke City 1-0 (25dk )http://www.fotomac.com.tr/canli-skor/canli-mac?Id=2252476 …
2017-04-01 14:25:56,848179630460874752,theKingScores,,"25' GOAL, NDIDI #LCFC 1-0 #SCFC, #EPL #LeicesterCity #Ndidi, http://bit.ly/2jE1Dl5 pic.twitter.com/bUw2FJHRQZ"
2017-04-01 14:25:53,848179614765563905,BsportsLive,,English premier league Leicester City vs Stoke City watch online - http://bsportslive.com http://fb.me/3kkv9XjJ7
2017-04-01 14:25:45,848179584264790016,SkySportsPL,,GOAL! Leicester 1-0 Stoke City (Ndidi) More here: http://skysports.tv/EIsbWf pic.twitter.com/yx5ybifyOa
2017-04-01 14:25:43,848179573984546818,ShiteSportsNews,,Leicester City 1 Stoke City 0
2017-04-01 14:25:43,848179572638175232,Football__Tweet,,"GOAL: Leicester City 1 - 0 Stoke City. Wilfred Ndidi, take a bow son. Take a bow. Unbelievable strike. #LCFC #SCFC"
2017-04-01 14:25:41,848179566480949248,YeffeRangelE,,#Betcris @BetCRISIntl Gooool del Leicester City
2017-04-01 14:25:41,848179565985968128,AO_Sports,,Goal for Leicester ... Live score 25': Leicester City v Stoke City (English Premier League) http://english.ahram.org.eg/News/262017.aspx …
2017-04-01 14:25:36,848179545664606210,Antz0409,,Leicester City are snakes. 1-0.
2017-04-01 14:25:35,848179541671632897,BirsuMutlu,,Leicester City v Stoke City Live Stream : http://bit.ly/2oKv7R2 s1k1g6 #LeiSto #LCFC #PremierLeague #Matchday #SCFC #EPL #BPL #PL #FPL
2017-04-01 14:25:33,848179532192415744,WeAreFootballGB,,GOAL! - Leicester City 1-0 Stoke City. (Ndidi)
2017-04-01 14:25:28,848179512596738048,guardian_sport,,Goal! Leicester City 1-0 Stoke City (Ndidi) – live! https://www.theguardian.com/football/live/2017/apr/01/manchester-united-v-west-brom-burnley-v-tottenham-live?CMP=share_btn_tw … #lcfc #scfc
2017-04-01 14:25:15,848179458582491137,proSpoFootball,,Leicester City 1:0 Stoke City on http://prospo.co/l http://prospo.co/mZeVkxK72 pic.twitter.com/f6tUF0bO35
2017-04-01 14:24:55,848179373014384640,CharlotteLowe10,,"Never seen such cringe worthy scenes than at Leicester City today for the Chairman's birthday, @GaryLineker you must be so embarrassed"
2017-04-01 14:24:55,848179370997026816,GoalFlash,,Leicester City *1-0 Stoke City (25') #LEISTK http://m.onelink.me/83e15e72 #GoalFlash #BPL
2017-04-01 14:24:40,848179311064567809,ThemightyEmlyn,,Great to see @alanbirchenall back watching the Foxes #leicestercity https://twitter.com/LCFC/status/848177421048270849 …
2017-04-01 14:23:17,848178963046318080,OrijoDotNg,,LIVE: Leicester City vs Stoke City http://dlvr.it/Nn09gB
2017-04-01 14:18:58,848177876050554880,UtchStokie,,"Without those stupid clappers, there would be more atmosphere on the moon than at Leicester #STKvLEI #StokeCity #leicestercity"
2017-04-01 14:18:37,848177786569146368,Bettingenuis,,LIVE: Leicester City vs Stoke City http://dlvr.it/Nn06Pf
2017-04-01 14:18:32,848177768047058946,soccer411,,LIVE: Leicester City vs Stoke City http://dlvr.it/Nn06G5
2017-04-01 14:18:08,848177664083021824,MrTanoG,,4 #twins in #leicester Certain friends are forevore #friendship @Leicester City Centre https://www.instagram.com/p/BSWIZ-NgfHz/
2017-04-01 14:16:19,848177208292192256,BagSulebagg,,Leicester City v Stoke City Live Stream : http://bit.ly/2nLd3bz s1k1g6 #LeiSto #LCFC #PremierLeague #Matchday #SCFC #EPL #BPL #PL #FPL
2017-04-01 14:16:09,848177165904564227,AO_Sports,,Live score 15': Leicester City v Stoke City (English Premier League) http://english.ahram.org.eg/News/262017.aspx …
2017-04-01 14:15:44,848177061617311744,lekanadeoba,,LIVE: Leicester City vs Stoke City http://dlvr.it/Nn040f
2017-04-01 14:13:15,848176435546046464,UnofficialPL,,LIVE: Leicester City vs Stoke City http://www.goal.com/en-gb/news/2896/premier-league/2017/04/01/34203572/live-leicester-city-vs-stoke-city?utm_source=dlvr.it&utm_medium=twitter …
2017-04-01 14:12:21,848176208822939648,1mlblivefree,,Watch Leicester City vs Stoke City Soccer Live Stream 1 April 2017 http://onlinestream-live.com/watch-leicester-city-vs-stoke-city-soccer-live-stream-1-april-2017/ …
2017-04-01 14:12:04,848176138430054400,WanKingPirlo17,,Barcelona have dropped their interest in Leicester City midfielder Riyad Mahrez (26) after his drop in form this season. [Leicester Mercury]
2017-04-01 14:12:03,848176136072900608,AylestoneLCFC,,Leicester City team news: One change for Premier League clash… http://ift.tt/2nI78mh
2017-04-01 14:11:25,848175973170380800,Sellebrity_UK,,A packed out Leicester City where where we are talking about our celebrity match at half time @GATSBY_liam @aaronsidwell @jimmyconstablepic.twitter.com/POL6FgPw6l
2017-04-01 14:11:20,848175955986137089,Passion_FM,,Premiere League - Leicester City gegen Stoke City live - 0:0 http://www.focus.de/sport/fussball/premierleague/premiere-league-leicester-city-gegen-stoke-city-live-0-0_id_6871294.html?utm_source=dlvr.it&utm_medium=twitter …pic.twitter.com/MgaIG22o58
2017-04-01 14:10:51,848175834326114304,Rabid_AU,,Gonna watch some #EPL this AM. Several to choose from. Now watching #LeicesterCity v #StokeCity
2017-04-01 14:10:25,848175721616900097,Sports_Costumes,,English Premier League - 01/04/2017 Leicester VS Stoke City Link to the live stream: http://viid.me/qrYEXi pic.twitter.com/jGkXw1iWPG
2017-04-01 14:10:24,848175718416736260,BlueFoxNews,,LIVE: Leicester City vs Stoke City (NewsR.in) http://ift.tt/2nHTQ9c
2017-04-01 14:10:23,848175716164403201,BlueFoxNews,,Leicester City team news: One change for Premier League clash... (Leicester Mercury) http://ift.tt/2omas9g
2017-04-01 14:10:04,848175636543934464,lcfcbuzztap,,leicestermercury .co .uk >> Leicester City team news: One change for Premier League clash... http://buzztap.com/-y4EIo2
2017-04-01 14:09:44,848175551496032256,StreamcentralUK,,"STREAMING NOW leicester city v stoke city, live and free football streams now here - http://tvpass.tv/Schedules/Football.php …"
2017-04-01 14:09:40,848175536081780736,Martinsgfx,,LIVE: Leicester City vs Stoke City http://dlvr.it/Nmzz99
2017-04-01 14:09:32,848175502124875776,FCEWesthamutd,,Leicester City team news: One change for Premier League clash... http://www.fcexclusive.com/news/west-ham-utd/leicester-city-team-news-one-change-for-premier-league-clash-767950 … (Source: Leicester Mercury)
2017-04-01 14:09:26,848175475012894721,StreamSportsMe,,Leicester City vs Stoke City Free Live Streams http://www.streamsports.me/122211/football/worldwide/leicester-city-vs-stoke-city/ …
2017-04-01 14:09:20,848175451088371714,CallMeOlalekan,,LIVE: Leicester City vs Stoke City http://dlvr.it/Nmzy56
2017-04-01 14:08:52,848175335384526848,AhMed__Resha,,watching Leicester City vs Stoke City
2017-04-01 14:08:21,848175201854472192,gleefulwhispers,,"Ahmed Musa to quit Eagles over Captaincy row,Leicester City star Ahmed Musa may join the list of players who quit... http://fb.me/1gtNrW8aZ"
2017-04-01 14:08:20,848175200583778304,FoxesNews,,#Leicester #LeicesterCity #LCFC Leicester City team news: One change for Premier League clash... http://dld.bz/f8YCs
2017-04-01 14:07:51,848175079091556352,AhMed__Resha,,watching Leicester City vs Stoke City Live Stream
2017-04-01 14:07:14,848174921796792320,motion8cars,,Leicester City vs Stoke City #Motion8pic.twitter.com/pmh4OqfRtk
2017-04-01 14:07:13,848174917547958272,Resultat24,,English Premier League - 01/04/2017 Leicester VS Stoke City Link to the live stream: http://viid.me/qrYEXi pic.twitter.com/chPA9AVoRj
2017-04-01 14:06:48,848174812413345792,Lokzil,,#football #soccer LIVE: Leicester City vs Stoke City http://dlvr.it/NmzvRJ
2017-04-01 14:06:44,848174796542099457,leo_oelpranata,,#OelPranataTweet LIVE: Leicester City vs Stoke City http://dlvr.it/Nmzv9l #Retweet #Fav #Sportspic.twitter.com/cGespw1JnM
2017-04-01 14:06:40,848174781803491328,78calamardo,,Inplay 25 a 1000 Paso 2 Leicester 0-0 Stoke city Over 0.5 ht Cuota 1.50 Metemos 40.38 returns 60.57
2017-04-01 14:06:35,848174759087157248,glennford0,,#LeiSto Game started(1st half) Leicester City 0 - 0 Stoke City #PremierLeague @premierleague @LCFC @stokecity http://www.fotmob.com/livescores/47/2252476/match-facts/?id=2252476&hs=0&as=0&h=Leicester+City&a=Stoke+City …
2017-04-01 14:06:33,848174750497198082,King_Fut,,5': Leicester City 0-0 Stoke City
2017-04-01 14:06:22,848174703860752385,Le_Parisien76,,C'est Parti à King Power Stadium. Leicester City FC - Stoke City FC
2017-04-01 14:06:11,848174658998255619,GoalcomNigeria,,LIVE: Leicester City vs Stoke City http://dlvr.it/Nmzssm pic.twitter.com/KPRwZEcGMP
2017-04-01 14:06:01,848174614828154880,FutmondoPremier,,Leicester City vs Stoke City #LEISTK Live on #futmondo web & app #UK #Leicester #England #football #EPL #PL http://www.futmondo.com/match?match=57a11473b72a05a215da7370 …
2017-04-01 14:05:49,848174567386480641,handeyenmezzz,,Leicester City v Stoke City Live Stream : http://bit.ly/2oto1AO s1k1g6 #LeiSto #LCFC #PremierLeague #Matchday #SCFC #EPL #BPL #PL #FPL
2017-04-01 14:05:39,848174525565071363,RadioCadenaUno,,#PremierLeague | Fecha 30 | ¡Ya se juegan! Leicester 0 - 0 Stoke City Manchester United 0 - 0 West Bromwich Watford 0 - 0 Sunderland
2017-04-01 14:05:19,848174438872776704,Goal_MY,,LIVE: Leicester City vs Stoke City http://dlvr.it/NmzsW6 pic.twitter.com/o989Kk9VUt
2017-04-01 14:04:17,848174181065908224,focussport,,Premiere League - Leicester City gegen Stoke City live - 0:0 http://www.focus.de/sport/fussball/premierleague/premiere-league-leicester-city-gegen-stoke-city-live-0-0_id_6871294.html …
2017-04-01 14:04:12,848174161117798400,DomeniktvNEWS,,Premiere League - Leicester City gegen Stoke City live - 0:0 http://ift.tt/2nKKcV8
2017-04-01 14:03:23,848173951645753345,Bot_Football,,LIVE: Leicester City vs Stoke City: The champions are back in action and new boss Craig Shakespeare is looking to… http://dlvr.it/NmzrWs
2017-04-01 14:03:11,848173903272976384,FutbolModerno_,,¡ARRANCAN LOS PARTIDOS! Chelsea - Crystal Palace Leicester - Stoke City Man Utd - West Brom #PL
2017-04-01 14:03:08,848173889834307586,Gapsy4all,,LIVE: Leicester City vs Stoke City http://dlvr.it/NmzqqM
2017-04-01 14:03:07,848173885111521280,Fresh__News,,#LIVE Menit'2: Manchester United 0-0 West Brom | Chelsea 0-0 Crystal Palace | Leicester 0-0 Stoke City
2017-04-01 14:02:57,848173842715508739,AmrOO0O,,watching Leicester City vs Stoke City
2017-04-01 14:01:57,848173593368289280,GoalComIreland,,LIVE: Leicester City vs Stoke City http://dlvr.it/Nmzp8g pic.twitter.com/qnixWtA04t
2017-04-01 14:01:57,848173592261017602,Goal_SG,,LIVE: Leicester City vs Stoke City http://dlvr.it/Nmzp9P pic.twitter.com/UA5yi6VZRh
2017-04-01 14:01:51,848173567795757058,BettracksScores,,Kick Off. Leicester City vs Stoke City
2017-04-01 14:01:48,848173555485257729,goal_ghana,,LIVE: Leicester City vs Stoke City http://dlvr.it/NmznzZ pic.twitter.com/cdwrDyrcCV
2017-04-01 14:01:42,848173531783471104,AO_Sports,,Match is underway.. Live score: #LeicesterCity v #StokeCity (English Premier League) http://english.ahram.org.eg/News/262017.aspx … #eplpic.twitter.com/6XYmq7PxFT
2017-04-01 14:01:42,848173531489746944,FichajeGoleador,,¡¡COMIENZAN!! Burnley 0-0 Tottenham Chelsea 0-0 Crystal Palace Leicester 0-0 Stoke City Man United 0-0 West Brom #PL [FECHA 30]pic.twitter.com/z422MXdy9m
2017-04-01 14:01:18,848173428221857792,LigaBwn,,COMENZO EL CARRUSEL Leicester City - Stoke City Manchester United - West Bromwich Watford - Sunderland
2017-04-01 14:01:14,848173412992339968,FMMIXNECOCHEA,,EN VIVO Premier League: Leicester City vs Stoke City - http://fmmix.com.ar/?p=108671 http://fb.me/6DS3egj08
2017-04-01 14:01:09,848173391827935233,FutbolModerno_,,"XI Stoke City VS Leicester: Grant; Johnson, Shawcross, Martins Indi, Pieters; Aranautovic, Whelan, Allen, Sobhi; Walters, Berahino. #PL"
2017-04-01 14:01:02,848173360760713220,FOCUS_TopNews,,Premiere League - Leicester City gegen Stoke City live - 0:0 http://www.focus.de/sport/fussball/premierleague/premiere-league-leicester-city-gegen-stoke-city-live-0-0_id_6871294.html …
2017-04-01 14:00:59,848173348341379072,FMMIXNECOCHEA,,EN VIVO Premier League: Leicester City vs Stoke City - http://fmmix.com.ar/?p=108671
2017-04-01 14:00:58,848173344964972544,SundayChants,,Could eat your dinner off the Leicester City pitch today. pic.twitter.com/T7gUbOx3JR
2017-04-01 14:00:39,848173265365479424,BBCRLSport,,"So, what really went on at Leicester City? Former coach and defender Chris Powell has the inside track... pic.twitter.com/BmlA6vwDCv"
2017-04-01 14:00:16,848173168942624768,TBPlayerEPL,,Leicester City v Stoke City Starts Shortly. Match Timeline: http://bit.ly/1yuMPId
2017-04-01 14:00:15,848173165419405313,Naijapeak,,LIVE: Leicester City vs Stoke City http://naijapeak.com/2017/04/01/live-leicester-city-vs-stoke-city/ …
2017-04-01 14:00:13,848173158469423106,sidelineyefc,,TEAM NEWS: Leicester City vs. Stoke City http://sidelineye.co.uk/clubs/leicester-city/team-news-leicester-city-vs-stoke-city/ …pic.twitter.com/kgTiQKfm4o
2017-04-01 14:00:10,848173144980553729,BBCRLSport,,The smoke has cleared for kick-off. Leicester City v Stoke 104.9FM & DAB Freeview 721
