date,id,username,polarity,text
2016-12-03 16:59:59,805094240577536001,BoyleSports,0,"10/1 for Leicester City to be relegated, @StanCollymore! You really think they could go down?https://twitter.com/StanCollymore/status/805085581562839040 …"
2016-12-03 16:59:58,805094235666051072,iam__one,0,Leicester City is going no where this time around https://twitter.com/premierleague/status/805093369177378817 …
2016-12-03 16:59:53,805094215071961088,Loidstwit,0,Another record breaking season for the foxes #leicestercity
2016-12-03 16:59:51,805094208918978560,joshboyles,-1,"The funniest part of this season has to be Leicester City losing to bottom of the table Sunderland, eh @Mahrez22 #COYS"
2016-12-03 16:59:37,8.05094E+17,albertozapatad,0,FT - Sunderland 2-1 Leicester City (ESPN) http://ift.tt/1NKZUVZ #Foxes
2016-12-03 16:59:27,805094106468937730,DavidWa50046817,0,"Leicester City deserved to win the PL last season,teams have worked out how to play against Leicester City tactically. #BTSportScore"
2016-12-03 16:59:07,805094022603833344,_Baine,-1,Kante saw Leicester city for the scam that they were and took to his heels
2016-12-03 16:59:07,805094020284370945,Northantsfans,0,Im.guessing Leicester City are not used to the different drug testing rules in the champions league
2016-12-03 16:59:03,805094007365890048,ThatConnArtist,0,Leicester City are two points off relegation. Wayne Lineker didn't die for this.
2016-12-03 16:59:00,805093991276482560,iKobby_,0,Leicester City took blue jersey to the football gods pretending to be Chelsea last season. Now they've been busted and reset to default https://twitter.com/Squawka/status/805093213757390848 …
2016-12-03 16:58:55,805093972528005120,infobola777,0,"England - Premier League December 3 FT Sunderland 2 - 1 Leicester City ( 64,Robert Huth,77,Jermain Defoe / Shinji... http://fb.me/ZOYEGSUv"
2016-12-03 16:58:43,805093923538567168,macksonwakama,0,@vardy7 and @Mahrez22 could have been challenging for the title with #Arsenal but are now fighting relegation with #leicestercity. Good!!
2016-12-03 16:58:33,805093879930298368,bharianmy,0,"#EPL: Tamat perlawanan, Crystal Palace 3 Southampton 0, Stoke City 2 Burnley 0, Sunderland 2 Leicester City 1,... http://fb.me/31SjIFxxj"
2016-12-03 16:58:33,805093878424539136,Goals_Premier,0,End of match! #Sunderland 2 #LeicesterCity 1
2016-12-03 16:58:32,805093877531164676,La5tadelfutbol,0,#PremierLeague Fecha 14 Sunderland 2 (Huth 63' a.g Defoe 76') 1 Leicester City (Okazaki 79')
2016-12-03 16:58:30,805093868354105344,SudamericaAFC,0,Resultados: City 1-3 Chelsea Tottenham 5-0 Swansea Stoke 2-0 Burnley Palace 3-0 Southampton West Brom 3-1 Watford Sunderland 2-1 Leicester
2016-12-03 16:58:29,805093862322700288,jockcas,-1,LEICESTER CITY !!! you've had your fun !! Now fook off to the championship
2016-12-03 16:58:23,805093836141817856,bwin,0,#PL FT: Crystal Palace 3-0 Southampton Stoke City 2-0 Burnley Sunderland 2-1 Leicester Tottenham 5-0 Swansea West Brom 3-1 Watford
2016-12-03 16:58:19,805093821214236672,IykeOkoye,-1,"Leicester City fc, one season wonder"
2016-12-03 16:58:13,805093793942925314,Greatwinger,0,Remember when Chelsea were the champions in bad form every media outlet had something to say but Leicester city being overlooked why? #CFC
2016-12-03 16:58:10,805093783188729857,SMLeicester,0,Result: Sunderland beat Leicester City to move off the bottom http://sm.mg/cbdrz83 #lcfc
2016-12-03 16:58:10,805093781708111872,SM_Sunderland,0,Result: Sunderland beat Leicester City to move off the bottom http://sm.mg/xvh94cx #safc
2016-12-03 16:58:05,805093763383169024,Sbn_ZA,0,#PL Results Crystal Palace 3-0 Southampton Stoke City 2-0 Burnley Sunderland 2-1 Leicester City Tottenham 5-0 Swansea West Brom 3-1 Watford
2016-12-03 16:58:04,805093756424876032,VFLCFC,-1,What on earth is wrong with Leicester City at the moment? Sunderland AFC 2 - 1 Leicester City (FT) – enttäuscht
2016-12-03 16:58:02,805093747977371648,ScorIQ,0,Premier League: Final Score Sunderland 2 - 1 Leicester City
2016-12-03 16:58:00,805093741153361920,ayoms10,0,"Results: Spurs 5-0 Swansea, Sunderland 2-1 Leicester, Crystal Palace 3-0 Southampton, West Brom 3-1 Watford, Stoke City 2-0 Burnley."
2016-12-03 16:57:59,805093737231745025,sirberry,0,Leicester City remain winless in their last 5 league games
2016-12-03 16:57:53,805093713991073792,ValdoKabby,-1,"Safe to say, Leicester City are FCUKED Of course they punched way above their weight last season but they've been so shambolic."
2016-12-03 16:57:53,805093710413303808,Sizdini,-1,"Another loss for Leicester City, it's bad this season"
2016-12-03 16:57:52,805093708811173889,fotomac,0,(MS): Sunderland-Leicester City 2-1 http://www.fotomac.com.tr/canli-skor/canli-mac?Id=2252318 …
2016-12-03 16:57:51,805093703840886784,SectaDeportivaa,0,Premier League Fecha 14 Crystal Palace 3-0 Southampton Stoke City 2-0 Burnley Sunderland 2-1 Leicester City
2016-12-03 16:57:48,805093692952428544,RealMikeDevine,-1,Leicester City going to win the champions league and get relegated lol
2016-12-03 16:57:44,805093674447212544,leighvl,0,Sunderland beat Leicester City. 2016
2016-12-03 16:57:37,805093644076281857,BettracksScores,0,Full Time. Sunderland 2 - 1 Leicester City
2016-12-03 16:57:34,805093633179402240,Youngsblessing,0,FT PALACE 3-0 SOUTHAMPTON WEST BROM 3-1 WATFORD SPURS 5-0 SWANSEA SUNDERLAND 2-1 LEICESTER STOKE CITY 2 - 0BURNLEY
2016-12-03 16:57:33,805093629140340736,jasonuk17,-1,Leicester City are in serious trouble. #LCFC #PL
2016-12-03 16:57:31,805093617576669184,SSFootball_,0,FULL-TIME: Final - Crystal Palace 3-0 Southampton Final - Stoke City 2-0 Burnley Final - Sunderland 2-1 Leicester... http://fb.me/1v3XbXnBm
2016-12-03 16:57:22,805093581073432576,FPL_MY,0,"FT. Sunderland 2 - 1 Leicester City Penjaring: Huth (Gol Sendiri), Defoe, Okazaki Assist: Kirchhoff, Watmore, Gray"
2016-12-03 16:57:20,805093574899535872,fdpradio,0,"#Inglaterra Sunderland 2 (Huth e.c., Defoe) - Leicester City 1 (Okazaki)"
2016-12-03 16:57:20,805093574681317376,LCFC_Indonesia,0,Full-time: Sunderland 2-1 Leicester City #SunLeipic.twitter.com/g5vZaR77nc
2016-12-03 16:57:20,805093571632267264,JohnBennettBBC,0,"3 defeats in their last 4 Premier League games, only 13pts & Man City up next... Things getting pretty concerning for Leicester City. #LCFC"
2016-12-03 16:57:18,805093565911146501,shawnexes,0,Vardy And Leicester city
2016-12-03 16:57:16,805093554875940867,BloomfieldHQ,-1,So @LCFC players can no more do d magic.... #leicestercity
2016-12-03 16:57:08,805093521812312068,ShaunKean,-1,Leicester City are wanks
2016-12-03 16:57:04,805093505831989248,canteiro_hugo,0,Sunderland 2-1 Leicester City em http://SofaScore.com #SofaScorepic.twitter.com/S9GRgl4Do8
2016-12-03 16:57:02,805093499599290368,ColinVassallo,0,How long till Ranieri is fired? :D #leicestercity
2016-12-03 16:57:02,805093497254584321,SMLeicester,0,FULL-TIME: Sunderland 2-1 Leicester City #safc #lcfc
2016-12-03 16:57:01,805093495870459905,SM_Sunderland,0,FULL-TIME: Sunderland 2-1 Leicester City #safc #lcfc
2016-12-03 16:56:51,805093451280678912,NBCSportsSoccer,-1,"Too little, too late for Leicester City. #PLonNBChttp://snpy.tv/2fWWm6a"
2016-12-03 16:56:48,805093441294188544,B_Moore_22,-1,Leicester City better start worrying
2016-12-03 16:56:45,805093426706448385,LCFC,0,Full-time: Sunderland 2-1 Leicester City #SunLeipic.twitter.com/8D1LcxeKZw
2016-12-03 16:56:40,805093407790014464,FichajeGoleador,0,¡FINALIZAN! Palace 3-0 Southampton Stoke City 2-0 Burnley Tottenham 5-0 Swansea Sunderland 2-1 Leicester #PL [FECHA 14]pic.twitter.com/Xu8OCNiTIY
2016-12-03 16:56:40,805093406749982720,roastbeefjohnny,-1,"Maybe better rethink my, there are 3 worse teams than us. Shocking. But let's face it, it's so Leicester. Man City next!! Horay!! #lcfc"
2016-12-03 16:56:38,805093395786043392,SuperSportTV,0,#PL - RESULTS: Spurs 5-0 Swansea Sunderland 2-1 Leicester Crystal Palace 3-0 Southampton West Brom 3-1 Watford Stoke City 2-0 Burnley pic.twitter.com/2aYhreKjGg
2016-12-03 16:56:35,805093386516660225,SuperSportBlitz,0,Champions Leicester City remain winless in their last 5 league games after suffering a 2-1 loss at Sunderland #SSFootball
2016-12-03 16:56:33,805093376081227776,BBCRLSport,0,Squawka: Leicester City's 12 points from 14 games is the worst Premier League title defence ever.
2016-12-03 16:56:27,805093349816410113,BoyleSports,0,FT: Crystal Palace 3-0 Southampton Tottenham 5-0 Swansea Stoke City 2-0 Burnley West Brom 3-1 Watford Sunderland 2-1 Leicester City
2016-12-03 16:56:24,805093340043706369,EarlofLagos,-1,"Obviously, Leicester City have lost their mojo."
2016-12-03 16:56:21,805093327163052032,ZakGurney,-1,We're Leicester city we're shitter then you
2016-12-03 16:56:15,805093299476463617,erastu_,-1,Leicester City need to be prosecuted for fraud..
2016-12-03 16:56:08,805093273383698437,KlausBromi,-1,Starting to think Leicester City isn't going to repeat.
2016-12-03 16:55:54,805093214311026689,UmarMudaLawal,-1,Relegation battle already for Leicester City.. #shame #PremierLeague
2016-12-03 16:55:52,805093204433534982,phadishi,0,Leicester city keeper thinking he can pull masuluke
2016-12-03 16:55:51,805093200532799488,DavidAirboot,0,Well this is a return to the Leicester City I know so well.
2016-12-03 16:55:49,805093193196900353,DSlZZY,-1,Leicester City clearly think the premier league is over rated now
2016-12-03 16:55:18,805093062821167104,Trevorlloyd92,0,Tottenham win 5-0. Leicester City lose and West Brom go above ManUtd in the table What a day.
2016-12-03 16:54:47,805092933103980544,mercyemem,-1,Just great to watch Leicester city players being bullied by Sunderland lads. Sweet
2016-12-03 16:54:12,805092786722611200,JGulinoYahoo,0,┳┻| ┻┳| ┳┻| ┻┳| ┳┻| ┻┳| ┳┻| ┻┳| ┳┻| ┻┳| ┳┻| ┻┳| ┳┻| _ ┻┳| •.•) Leicester City is about to be ┳┻|⊂ﾉ four points from the bottom ┻┳|
2016-12-03 16:54:09,805092771719692288,lollydeee,0,What has happened to Leicester City?
2016-12-03 16:53:39,8.05093E+17,itsmcwilly,-1,It's over for Leicester city
2016-12-03 16:53:34,805092626697490433,jonathan_hannam,-1,I sat om my knees and prayed 2 d lord sunderland shuld kick Leicester city's butt. Fuck that club
2016-12-03 16:52:57,805092470971363329,A_Hazard_Jr,0,Surely Leicester city will go down if these monks are keep praying for them how can you bring Monk from Thailand to come and pray for you
2016-12-03 16:52:50,805092441724436485,Iamdjazz,0,"But what really is wrong with Leicester City? They only let go of Kante, only N'golo Kante."
2016-12-03 16:52:22,805092324011311104,ebennyzer,-1,Leicester City are now so shit!! Gosh....
2016-12-03 16:51:36,805092129773154305,simonpit,0,Leicester City pulls one back! https://twitter.com/LCFC/status/805089084330934273 …
2016-12-03 16:51:19,805092060139167745,MaxSttzp,0,"80' Goal by Shinji Okazaki (a: Gray)! Leicester City is getting back at Sunderland, the score is 2-1. #SAFC #LCFC #Premier_Leaguepic.twitter.com/cEBzLxEHZq"
2016-12-03 16:51:18,805092055873527808,MaxSttzp,0,"77' Goal by Jermain Defoe! Sunderland moves away from Leicester City, the score is 2-0. #SAFC #LCFC #Premier_League"
2016-12-03 16:50:50,805091936424103936,mikekelvin101,0,2-0 vs. Hull 3-0 vs. Leicester 4-0 vs. United 2-0 vs. Southampton 5-0 vs. Everton 1-0 vs. Middlesbrough 2-1 vs. Spurs 3-1 vs. City
2016-12-03 16:50:42,805091902165020672,Mr_Haymos,-1,Leicester city not doing well
2016-12-03 16:50:22,805091819788922881,LeicesterFooty,0,U23s Report: Leicester City 2 Liverpool 1 http://www.leicesterfootball.net/u23s-report-leicester-city-2-liverpool-1/ …
2016-12-03 16:50:22,805091818715181056,ShaanaKauva,0,What happens if Leicester city wins the champions league and gets relegated from premier league? @GaryLineker
2016-12-03 16:50:21,805091815627988993,republik_firman,0,@JADWAL_HKLPI: GOL! Sunderland 2-1 Leicester City #SUNLEI #PL (80' Okazaki) http://bit.ly/LINEatJADWALHK …pic.twitter.com/BYIGwUMhsZ
2016-12-03 16:50:19,805091806170021888,lordparry,-1,Leicester City will be relegated.
2016-12-03 16:50:07,805091755477598208,kaltume_b,0,I see Leicester City's wretched away form this season continues
2016-12-03 16:49:54,805091701379465217,simonpit,0,Defoe adds misery to the Champions!! Sunderland 2 0 Leicester City https://twitter.com/SkyFootball/status/805088348037677056 …
2016-12-03 16:49:53,805091699064086528,alekey_isoe,0,Leicester wouldn't be the first champions to be relegated. That would be Manchester City in 1938.
2016-12-03 16:49:31,805091607087181824,alanj80,0,Remember in Space Jam when Barkley and Ewing go brain-dead and no longer know how to play basketball? #LeicesterCity
2016-12-03 16:49:23,805091573373562880,AfuwapeOladele,-1,Leicester City are the most atrocious team in the EPL this season.
2016-12-03 16:49:20,805091560375390208,SamTully14,0,Leicester City where you at
2016-12-03 16:48:59,805091473242882048,RajiDraj,0,"Leicester City low-key gave us the reason they were where Chelsea FC currently is last season, NGOLO KANTÉ"
2016-12-03 16:48:59,805091471007227904,kay_vow,0,Leicester City looking to win the champions league and get relegated...
2016-12-03 16:48:51,805091438543433728,MoosieFC,-1,Lol RT @JJevafrass: Damn son Leicester city are very poor this season ....curse of winning the epl
2016-12-03 16:48:42,805091401553870850,BlueFoxNews,0,Sunderland 2-1 Leicester City: Live updates from the Stadium of Light as the champions look to kick-star their sea… http://ift.tt/2fT1htz
2016-12-03 16:48:30,805091348516900869,Mxolisi_mlondi,0,Imagine Leicester City getting relegated lol
2016-12-03 16:47:49,805091179557777410,DantePasusu,0,"Leicester city, British Bayelsa United.."
2016-12-03 16:47:02,805090983142653957,olukotung,0,Are the priests not praying for Leicester city? Just kinda curious
2016-12-03 16:46:49,805090926423080962,kooixiuhong,0,GG Leicester City.....
2016-12-03 16:45:49,805090675805028352,__Mutuku,0,Leicester city Might be the first team to play champions league while playing in division two.
2016-12-03 16:45:23,805090566581141504,XhakaGranite,0,Meanwhile Crystal Palace destroying Southampton...Leicester City fighting edging closer to relegation zone
2016-12-03 16:45:00,805090471504728065,BestSaneleEver,-1,Leicester City is really worrying me... What happened??????
2016-12-03 16:44:47,805090414709665792,BettracksScores,0,Substitution On - Javier Manquillo (Sunderland 2 - 1 Leicester City)
2016-12-03 16:44:46,805090410943148032,BettracksScores,0,Substitution Off - Duncan Watmore (Sunderland 2 - 1 Leicester City)
2016-12-03 16:44:34,805090361689317376,barcelonaffcc,0,Sunderland 2-1 Leicester City Soccer Live Stream FRee for online at https://goo.gl/en7mH3 uyuy
2016-12-03 16:44:31,805090347101683712,FIRE_STICK,-1,#leicestercity shit on ma bets.. fucking Cunts
2016-12-03 16:43:53,805090189374849024,Evansmatmoh,0,"Leicester city heading to relagation ,,what are the odds ,,literally what the odds ?"
2016-12-03 16:43:46,805090157326045185,KathmanduCanary,0,#bbcfootball #Leicester won't be first champions to be relegated. Manchester City own that record.
2016-12-03 16:43:22,805090060513247233,BlueFoxNews,0,Sunderland 2-0 Leicester City: Live updates from the Stadium of Light as the champions look to kick-star their sea… http://ift.tt/2fSYhNT
2016-12-03 16:43:12,805090015906643968,barcelonaffcc,0,Sunderland 2-1 Leicester City Soccer Live Stream FRee for online at https://goo.gl/en7mH3 yuytuu
2016-12-03 16:43:07,805089997019705344,barcelonaffcc,0,Sunderland 2-1 Leicester City Soccer Live Stream FRee for online at https://goo.gl/en7mH3 yuytuty
2016-12-03 16:43:06,805089991877607424,sharkastic,0,Leicester wouldn't be the first champions to be relegated. That would be Manchester City in 1938. #bbcfootball #FootballExistedBefore1992
2016-12-03 16:43:03,805089980422844416,barcelonaffcc,0,Sunderland 2-1 Leicester City Soccer Live Stream FRee for online at https://goo.gl/en7mH3 thyryur
2016-12-03 16:43:02,805089975859613697,sire_othello,-1,Leicester City. Relegation bound
2016-12-03 16:42:58,805089957618458624,barcelonaffcc,0,Sunderland 2-1 Leicester City Soccer Live Stream FRee for online at https://goo.gl/en7mH3
2016-12-03 16:42:52,805089933027377152,caomhsdad,-1,Leicester City are so last season.
2016-12-03 16:42:51,805089929311191041,JJevafrass,-1,Damn son Leicester city are very poor this season ....curse of winning the epl
2016-12-03 16:42:34,805089858221907969,SRNewsNow,0,"GOAL! Okazaki scores for Leicester City, 79', 2-1 to Sunderland #SunLei (KB)"
2016-12-03 16:42:32,805089847434215425,BettracksScores,0,Yellow Card - Christian Fuchs (Sunderland 2 - 1 Leicester City)
2016-12-03 16:42:29,805089837455986688,OffTheBallAM,0,GOAL!! Shinji Okazaki pulls one back for Leicester City. It ain't over yet. #PremierLeague
2016-12-03 16:42:17,805089787979952129,NewsSAFC2018,0,Yellow card for Leicester City Fuchs #SAFC
2016-12-03 16:42:15,805089776282046464,TY_Cartel,-1,Leicester City. From Champions to Relegation
2016-12-03 16:42:13,805089769776517120,jayeboy2002,-1,Disastrous For Leicester City This Season.This Has Truly Shown That Their Outing Last Season Was A Fluke.
2016-12-03 16:42:03,805089725522378752,hzmysf_,-1,From champion to battling for relegation real quick. That's Leicester City for you.
2016-12-03 16:42:02,805089721827336193,kangaroo_jaack,0,Leicester City
2016-12-03 16:42:01,805089720602685440,fantasyiteam,0,The four games he'll miss; Leicester City (A) Watford (H) Arsenal (H) Hull City (A)
2016-12-03 16:41:49,805089670447120384,AnthonioC_,0,Leicester City https://twitter.com/BBCSport/status/805088471962492928 …
2016-12-03 16:41:43,805089642093613056,iLeicesterApp,0,Official Site: U23s Report: Leicester City 2 Liverpool 1 http://www.football-news365.co.uk/go/56456073
2016-12-03 16:41:39,805089625123463168,233liveOnline,0,3 News • 'Leicester City contact Essien' via @233liveOnline. Full story at http://233live.com/3/97594/Leicester+City+contact+Essien.html …
2016-12-03 16:41:38,8.0509E+17,JuanitoCruz11,0,Sunderland 2-1 Leicester City #PremierLeague
2016-12-03 16:41:27,805089575093882880,byshfsbsh,0,Sunderland 2:1 Leicester city #pl
2016-12-03 16:41:20,805089544924254208,nomaan4u,-1,How on earth this Leicester City team won the PL last season But they getting banged week in and and week out this season.
2016-12-03 16:41:16,805089530030288896,TimiFrost,-1,Leicester City are doing a very good Blackburn impression.
2016-12-03 16:41:12,805089513219432448,infobola777,0,"80,Gool...Sunderland 2 - 1 Leicester City ( Shinji Okazaki )"
2016-12-03 16:41:10,805089504650403840,b98se,0,Sunderland 2 - 0 Leicester City #FotMob http://www.fotmob.com/livescores/47/2252318/match-facts/ … #อาการหนัก
2016-12-03 16:41:10,805089503027331072,SteveHef,0,Leicester City are not quite as funny as they were earlier. #SUNLEI
2016-12-03 16:41:06,805089488787517441,Riftwitt_,0,RIP Leicester City 2016/2017 https://twitter.com/premierleague/status/805088477952020480 …
2016-12-03 16:41:05,805089482517135360,dbaker242424,0,Sunderland 2 - 1 Leicester City. 80' Shinji Okazaki scores for Leicester City! #FotMob http://www.fotmob.com/livescores/47/2252318/match-facts/ …
2016-12-03 16:41:00,805089464699813888,demac18,0,Has any team ever won the league then got relegated the following season @GaryLineker? #leicestercity
2016-12-03 16:40:54,805089439340859392,JADWAL_HKLPI,0,GOL! Sunderland 2-1 Leicester City #SUNLEI #PL (80' Okazaki) http://bit.ly/LINEatJADWALHKLPI …pic.twitter.com/RSlnva8ets
2016-12-03 16:40:45,805089401328009217,Amchizzy,0,Okazaki gets one back for Leicester City
2016-12-03 16:40:42,805089387486859268,SMLeicester,0,"GOAL! Sunderland 2-1 Leicester City (Shinji Okazaki, 80'). Join us live: http://sm.mg/4cfvkvk #safc #lcfc"
2016-12-03 16:40:42,805089386220191744,SM_Sunderland,0,"GOAL! Sunderland 2-1 Leicester City (Shinji Okazaki, 80'). Join us live: http://sm.mg/4cfvkvk #safc #lcfc"
2016-12-03 16:40:33,805089351608602624,SBOBET,0,80' Shinji Okazaki pull one goal back for #LCFC! Sunderland 2-1 Leicester City #SUNLEI #SAFCpic.twitter.com/z2z5AmUxPx
2016-12-03 16:40:32,805089344671379456,BettracksScores,0,Goal! - Shinji Okazaki (Sunderland 2 - 1 Leicester City)
2016-12-03 16:40:30,805089339319418881,guardian_sport,0,Goal! Sunderland 2-1 Leicester City (Okazaki) https://www.theguardian.com/football/live/2016/dec/03/tottenham-hotspur-v-swansea-fa-cup-second-round-and-more-live?CMP=share_btn_tw … #safc #lcfc
2016-12-03 16:40:27,805089325553766402,ThePremHub,0,GOAL! Sunderland 2-1 LEICESTER CITY - Shinji Okazaki (80'). #sunlei
2016-12-03 16:40:19,805089292934610944,Fpl_Updates,0,GOAL to Leicester City 2-1 Okazaki with the goal Gray with the assist #SUNLEI
2016-12-03 16:40:19,805089291948920832,LiveLCFC,0,GOAL!!! SUNDERLAND 2-1 LEICESTER CITY Okazaki pulls one back for #LCFC! Game on? http://www.leicestermercury.co.uk/sunderland-v-leicester-city-8211-premier-league-live/story-29954938-detail/story.html …
2016-12-03 16:40:18,805089286005673984,kicker_ENG,0,AFC Sunderland - Leicester City 2:1 Tor: Shinji Okazaki (80.) #SUNLEI http://www.kicker.de/news/fussball/intligen/england/barclays-premier-league/2016-17/14/3307774/livematch_afc-sunderland_leicester-city-511.html#omsmtwkicker …
2016-12-03 16:40:16,805089279617679361,MCTipbet_tr,0,80′ Gol Leicester City Sunderland 2:1 Leicester City #SUNLEIpic.twitter.com/UWlei7neq3
2016-12-03 16:40:16,805089277751205888,BettracksScores,0,Goal! Sunderland 2 - 1 Leicester City
2016-12-03 16:40:10,805089254363824128,SunderlandAFC,0,79' Okazaki slots home from close range to half the deficit. It's Sunderland 2 Leicester City 1
2016-12-03 16:40:10,805089252178468865,Sportitude10,0,GOAL UPDATE: Sunderland 2-(1) Leicester City - Shinji Okazaki (80') #SunLei #PL
2016-12-03 16:40:09,805089251033550848,bradley_duggan,-1,"Can't wait to watch #Championship football next season... ""We're Leicester City, we are going down "" #LCFC #LTID #Relegation"
2016-12-03 16:40:08,805089244775649280,mlgsmokers,0,Sunderland 2-0 Leicester City (Defoe)
2016-12-03 16:40:07,805089241667694592,Football__Tweet,0,GOAL: Sunderland 2 - 1 Leicester City. Shinji Okazaki pulls one back for the Champions. GAME ON! #SAFC #LCFC
2016-12-03 16:40:05,805089231630635008,SportingVoiceUK,0,"Oh dear, Leicester City are going to win the Champions League and get relegated in the same season aren't they?! #UCL #EPL #SunLei"
2016-12-03 16:39:59,805089207685447680,How_WatMH,0,Leicester City
2016-12-03 16:39:53,805089180397305856,OgolaSirikalKE,-1,Leicester city is failing gradually down the premier league pecking order. It's Not easy defending the much coveted Title. .
2016-12-03 16:39:26,805089069084581888,JayBop20,0,What are the odds on the current League champions winning the Champions League but getting relegated in the same season? #leicestercity
2016-12-03 16:39:25,805089063451693056,TopQualidee,-1,"Make no mistake about it, Leicester City are in a relegation scrap"
2016-12-03 16:39:18,805089037161820160,thee_rebone,0,Leicester City bathong
2016-12-03 16:39:15,805089023970725888,Bigbalooo,0,Hehe...What's happening to Leicester city?
2016-12-03 16:39:02,805088966961668096,kkweks,0,Leicester City really want to go back to the Championship. Tbh.
2016-12-03 16:39:02,805088966324023297,sksz311,0,Leicester City might just be the first team to win the Champions League and drop out of the Premiere League.
2016-12-03 16:39:00,805088960884174848,GoalFlash,0,Sunderland 2-1* Leicester City (80') #SUNLEI http://www.goal.com/ #GoalFlash #BPL
2016-12-03 16:38:56,805088943410659328,IvanGaskell1,0,Who is this team of imposters masquerading as Leicester City? Puzzling #bbcfootball
2016-12-03 16:38:55,805088937010200576,cantedor,-1,I don't understand Leicester city. Are they trying to get themselves relegated?
2016-12-03 16:38:54,805088935391199233,Amchizzy,0,Defoe doubles it for Sunderland!!! Leicester City is just predictable anyhow
2016-12-03 16:38:54,805088933180805120,Mr_Nobody_10,0,Leicester City will be relegated!
2016-12-03 16:38:52,805088928101466112,BettracksScores,0,Yellow Card - Papy Djilobodji (Sunderland 2 - 0 Leicester City)
2016-12-03 16:38:50,805088919494729729,BM15z,0,"Leicester City will be the first team to win the Championship, win the Premier League, get relegated and then come back up all in 4 years."
2016-12-03 16:38:50,805088917011779584,Mikhel_MUFC,0,Leicester City just not on this Premier league life
2016-12-03 16:38:48,805088910535782406,amr_samir_,0,Leicester city to the championship
2016-12-03 16:38:48,805088908052721664,FOXES_Fanly,0,Prem: Huth own goal -- Leicester (64') #LeicesterCity https://serve.fans/r/38fd715931 pic.twitter.com/43z0OwhO5z
2016-12-03 16:38:46,805088900964302848,oria_bure,0,Leicester City are looking like sure relegation candidates now
2016-12-03 16:38:45,805088898191855621,loxmartin13,0,By the way Leicester City are getting relegated
2016-12-03 16:38:42,805088883666993152,Fonskyy,0,Sunderland flogging Leicester City. I love the EPL!!!
2016-12-03 16:38:41,805088881414668289,infobola777,0,"77,Gooll...Sunderland 2 - 0 Leicester City ( Jermain Defoe )"
2016-12-03 16:38:38,805088867397369856,Mpoiney,-1,Going down with the Sunderland..... down with the Sunderland...... Leicester City players take a big fucking look at yourselves
2016-12-03 16:38:36,805088860313096194,Kingfeazy,0,How did Leicester city manage to win the EPL last season???
2016-12-03 16:38:35,805088853258280960,JuanitoCruz11,0,Sunderland 2-0 Leicester City #PremierLeague
2016-12-03 16:38:34,805088850666209282,mastersdog,-1,Thought Chelsea'd defence of the #PremierLeague was bad last year; Leicester's is despicable. #leicestercity may inconceivably go down
2016-12-03 16:38:32,805088842290229248,Maximus3796,-1,Now I really do remember what it is like to be a Leicester city fan #SUNLEI #LCFC #gutted
2016-12-03 16:38:30,805088833368948737,dbaker242424,0,Sunderland 2 - 0 Leicester City. 77' Jermain Defoe scores for Sunderland! #FotMob http://www.fotmob.com/livescores/47/2252318/match-facts/ …
2016-12-03 16:38:27,805088822434349056,TSHEPOKAATE,-1,Leicester City sold us dreams
2016-12-03 16:38:23,805088802817658880,_BradleyFoster,0,Leicester City?
2016-12-03 16:38:19,805088788565389319,MrSmithInNotts,-1,Very much looking forward to seeing Leicester City back in the championship next season #oneseasonwonders #FFPcheats.
2016-12-03 16:38:18,805088783846768641,FaneleMbuyazi8,0,Leicester City
2016-12-03 16:38:11,805088755208044545,popebig,0,Leicester city from Champions to Championship?
2016-12-03 16:38:10,805088751185707008,shaunym94,-1,Always one fucking team every week! I hate you Leicester city
2016-12-03 16:38:08,805088741358534656,kolinz_,-1,Leicester City gave up on the premier league after winning it.
2016-12-03 16:38:05,805088729480036353,JADWAL_HKLPI,0,GOL! Sunderland 2-0 Leicester City #SUNLEI #PL (77' Defoe) http://bit.ly/LINEatJADWALHKLPI …pic.twitter.com/RSlnva8ets
2016-12-03 16:38:04,805088725919289344,davywright65,0,No doubt Leicester will turn up next Saturday and play best game of their season because City r in town
2016-12-03 16:38:03,805088721968267268,Kenny_TP,-1,Moyes dismantling Leicester City.
2016-12-03 16:37:57,805088694113800192,A_Priestley89,-1,"Leicester City were struggling, now they are sinking! A shadow of the team of last season. #bbcfootball"
2016-12-03 16:37:55,805088689185492992,red0209_,0,Relegation for Leicester City this season.....??
2016-12-03 16:37:55,805088685855272960,craig_deighton,0,This is the real Leicester City..
2016-12-03 16:37:52,805088673507246084,ShadowTodd,-1,"Leicester City are not just resting on their laurels, they're comatose on them"
2016-12-03 16:37:50,805088664879562752,Denzi10,-1,Leicester city are finished lol
2016-12-03 16:37:44,805088641743810560,brown_buzi,-1,@FemiCoolfm please what exactly I wrong with Leicester City. I can't still understand how they are so low in form this season @NigeriainfoFM
2016-12-03 16:37:43,805088637641752576,LiveLCFC,0,"GOAL. Sunderland 2-0 Leicester City (Defoe, 77) It’s going from bad to worse for the #LCFC… http://www.leicestermercury.co.uk/sunderland-v-leicester-city-8211-premier-league-live/story-29954938-detail/story.html …"
2016-12-03 16:37:42,805088633652912129,FoxesNews,0,#Leicester #LeicesterCity #LCFC Prem: Huth own goal -- Leicester (64') http://dld.bz/fj79f
2016-12-03 16:37:39,805088620931641344,Joshrimmer97,-1,Hmmm well this season is going very well isn't it #leicestercity
2016-12-03 16:37:39,805088620747128832,RabbitRabbitOn,0,Kicked-off at City-Chelsea did it? Leicester doing well again I see as well!
2016-12-03 16:37:39,805088619069370368,TheFedz889,-1,Leicester City is finished.
2016-12-03 16:37:34,805088598630481920,SMLeicester,0,"GOAL! Sunderland 2-0 Leicester City (Jermain Defoe, 77'). Join us live: http://sm.mg/4cfvkvk #safc #lcfc"
2016-12-03 16:37:34,805088597523234816,SM_Sunderland,0,"GOAL! Sunderland 2-0 Leicester City (Jermain Defoe, 77'). Join us live: http://sm.mg/4cfvkvk #safc #lcfc"
2016-12-03 16:37:31,805088588295643136,VH0220,0,Hahahaha Sunderland just 2-0 Leicester city
2016-12-03 16:37:29,805088577956835328,fotomac,0,GOL: Sunderland-Leicester City 2-0 (77dk Jermain Defoe)http://www.fotomac.com.tr/canli-skor/canli-mac?Id=2252318 …
2016-12-03 16:37:26,805088566040739840,GopaLeo,0,Anybody taking bets on #leicestercity in #relegation zone by 1 January 2017?
2016-12-03 16:37:22,805088547640250368,SBOBET,0,77' Jermain Defoe double #SAFC's lead! Sunderland 2-0 Leicester City #SUNLEI #LCFCpic.twitter.com/EqRWlYrhC9
2016-12-03 16:37:21,805088545526448128,MCTipbet_tr,0,77′ Gol Sunderland Sunderland 2:0 Leicester City #SUNLEIpic.twitter.com/C8xkHbKI7Y
2016-12-03 16:37:21,805088545325121536,NairaLearn_TV,0,Leicester City looking to break chelsea's record in record time..
2016-12-03 16:37:18,805088530431152128,SteveHef,0,Leicester City Are funny. #SUNLEI
2016-12-03 16:37:17,805088529495666688,kicker_ENG,0,AFC Sunderland - Leicester City 2:0 Tor: Jermain Defoe (77.) #SUNLEI http://www.kicker.de/news/fussball/intligen/england/barclays-premier-league/2016-17/14/3307774/livematch_afc-sunderland_leicester-city-511.html#omsmtwkicker …
2016-12-03 16:37:08,805088491042381824,geofftheyido,-1,Leicester City just saying your shit!!!!
2016-12-03 16:37:08,805088490379771905,WillTooley,0,Leicester City relegation bound #LCFC
2016-12-03 16:37:08,805088489666727936,ThePremHub,0,GOAL! SUNDERLAND 2-0 Leicester City - Jermain Defoe (77'). #sunlei
2016-12-03 16:37:05,805088479201767424,Sportitude10,0,GOAL UPDATE: Sunderland (2)-0 Leicester City - Jermain Defoe (77') #SunLei #PL
2016-12-03 16:37:03,805088470133862400,GoodKidManCity,0,Oh my god RT @TSBible: Sunderland 2-0 Leicester City (Defoe)
2016-12-03 16:37:01,805088460176576512,SAFCvideprinter,0,GOAL: SUNDERLAND 2 - 0 Leicester City - Defoe 76:06'
2016-12-03 16:36:52,805088421224054785,SaintRobinho86,0,"Vardy, Mahrez & Leicester City. One hit wonders"
2016-12-03 16:36:40,805088374277238784,Delaness_9,0,Leicester city.
2016-12-03 16:36:36,805088357701271552,oleniju,0,Leicester City go relegate se.
2016-12-03 16:36:25,805088308955152385,sportbible,0,Sunderland 2-0 Leicester City (Defoe)
2016-12-03 16:36:22,805088295961165825,Trevorlloyd92,-1,HAHAHAHAHAHHAA!! LEICESTER CITY ARE GOING DOWN
2016-12-03 16:36:21,805088292425306112,UG_Ohakim,-1,Leicester city is a joke.
2016-12-03 16:36:21,805088292345696256,Football__Tweet,0,"GOAL: Sunderland 2 - 0 Leicester City. Jermain Defoe, he scores goals. #SAFC #LCFC"
2016-12-03 16:36:16,805088271952969733,guardian_sport,0,Goal! Sunderland 2-0 Leicester City (Defoe) https://www.theguardian.com/football/live/2016/dec/03/tottenham-hotspur-v-swansea-fa-cup-second-round-and-more-live?CMP=share_btn_tw … #safc #lcfc
2016-12-03 16:36:13,805088260666130433,101greatgoals,0,GOAL! Sunderland 2-0 Leicester City (Defoe)
2016-12-03 16:35:55,805088183885111297,GoalFlash,0,Sunderland *2-0 Leicester City (77') #SUNLEI http://www.goal.com/ #GoalFlash #BPL
2016-12-03 16:35:45,805088140478136320,virtualstatman,0,"At what stage can I get odds of 5,000/1 on Leicester City to win the Premier League this season?"
2016-12-03 16:34:18,805087778866229250,MaxSttzp,0,64' Own goal by Robert Huth! Sunderland leads 1-0 vs Leicester City. #SAFC #LCFC #Premier_Leaguepic.twitter.com/kw08ktBGi6
2016-12-03 16:34:15,805087764035371009,markmetcalf07,0,Sunderland 1 Leicester City 0. pic.twitter.com/hmqoWjghZP
2016-12-03 16:33:40,805087618404859905,GC_1508,0,Leicester City are going to get relegated.
2016-12-03 16:33:36,805087600742727680,mutungikioko,-1,Leicester City fc should just go back to English league 2 football...
2016-12-03 16:33:36,805087600419733504,Lightfoottips,0,BTTS done at Man City and Stevenage...need a Leicester goal and then it's all over to Leeds later
2016-12-03 16:33:34,805087590923833344,ayoola_kelechi,0,Leicester City
2016-12-03 16:33:31,805087579645341696,BlueFoxNews,0,Sunderland 1-0 Leicester City: Live updates from the Stadium of Light as the champions look to kick-star their sea… http://ift.tt/2gZ0Tps
2016-12-03 16:33:30,805087576965181440,BlueFoxNews,0,Live Commentary: Sunderland 1-0 Leicester City (Sports Mole) http://ift.tt/2fT0RmT
2016-12-03 16:33:29,805087571479068676,FoxesNews,0,#Leicester #LeicesterCity #LCFC Prem: Albrighton chance -- Leicester (32') http://dld.bz/fj79g
2016-12-03 16:33:23,805087544912334849,NaaAmpomaa,0,Leicester city having a nightmare of a season
2016-12-03 16:32:03,805087210399760384,smuizzgh,-1,Leicester are a goal down to Eunderland. They'd be nothing better than seeing Leicester City getting relegated... http://fb.me/4cYHOWw26
2016-12-03 16:31:18,805087023455412224,AlgoNews,0,Wilfred Ndidi set to join Leicester City according to Sky sources http://algo.fyi/q65f2g #Trending #ALGOpic.twitter.com/vELX85ZcoU
2016-12-03 16:31:10,805086986646278144,JasonBourne1986,0,ICYMI: There will be no post-match phone-in after Sunderland v Leicester City as we're going straight to Leicester Tigers v Northampton.
2016-12-03 16:30:55,805086925220696064,Maximus3796,0,Now I remember what it is like to be a Leicester city fan #SunLei
2016-12-03 16:30:08,805086728788779010,RobboLcFc,-1,Not very constructive but fuck you Leicester city
2016-12-03 16:28:59,805086440065482752,infobola777,0,"64,Gooll...Sunderland 1 - 0 Leicester City ( og.Robert Huth )"
2016-12-03 16:28:58,805086436533878784,AshleyH113098,0,"Sunderland r winning again against the champions, Leicester city and huth scored the og"
2016-12-03 16:28:51,805086406607589376,XhakaGranite,0,Leicester City for #relegation imagine that.
2016-12-03 16:28:10,805086233001127936,BBCRLSport,0,City change. Slimani off. Okazaki on. Matt Elliott: “Everything looks a bit of an effort. He’s not fitting in to the way Leicester play.”
2016-12-03 16:28:02,805086199736102912,starkolix,0,Is Leicester city going to be relegated?
2016-12-03 16:27:14,805085996870225920,rancyinsurance,-1,I fear for Leicester city this season with their inconsistency in the league #SunLei
2016-12-03 16:27:12,805085988888449024,Goals_Premier,0,Goaaal!! Robert Huth ('64 OG) scores!!! #Sunderland 1 #LeicesterCity 0 pic.twitter.com/uEhMfyofAq
2016-12-03 16:27:10,805085982500524033,HCA_7_,0,Leicester City are in a relegation battle now.
2016-12-03 16:26:56,805085923591548928,JuanitoCruz11,0,Sunderland 1-0 Leicester City #PremierLeague
2016-12-03 16:26:26,805085795929509893,JPW_NBCSports,0,GOAL! Sunderland lead 1-0 against Leicester City. Goes down as a Robert Huth own goal. Worrying times for the Foxes. #SAFC 1-0 #LCFC
2016-12-03 16:25:57,805085677616594948,mikemccarthy,-1,A dreadful goal for Leicester City to concede. Another set-piece.
2016-12-03 16:25:54,805085661900505089,smoggy854,0,Leicester city have gone for over 60 minutes of football without a penalty! Only a matter of time
2016-12-03 16:25:51,805085652417204224,freebets,0,"GOAL! Sunderland grab the lead against #PL champions Leicester City, 1-0. It's beginning to get better for Moyes! pic.twitter.com/8TYpL0SXgG"
2016-12-03 16:25:51,805085650835771392,niteshres,0,Leicester City - Last season's Chelsea
2016-12-03 16:25:41,805085606934171648,PRICELESS_SA,1,Leicester city really arnt shit anymore.
2016-12-03 16:25:28,805085555642028034,byshfsbsh,0,Sunderland 1:0 Leicester city #pl
2016-12-03 16:25:26,805085547324579840,JADWAL_HKLPI,0,GOL! Sunderland 1-0 Leicester City #SUNLEI #PL (64' Huth (og)) http://bit.ly/LINEatJADWALHKLPI …pic.twitter.com/RSlnva8ets
2016-12-03 16:25:14,805085496112123904,thegamepundit,-1,"Leicester City, the proverbial basket that can't hold water."
2016-12-03 16:25:10,805085477623709696,jrnhl5,-1,"Leicester city losing again, oh how about that Jaime Vardy as a 1 season wonder??? What you say @LCFC"
2016-12-03 16:25:06,805085463560286208,Trevorlloyd92,0,Leicester City
2016-12-03 16:25:01,805085439484903424,simonpit,0,Sunderland 1 0 Leicester City....not a good sign for the champions!
2016-12-03 16:25:00,805085435856912384,iamRexcity,-1,"Leicester City going down, down, down..."
2016-12-03 16:24:58,805085429355593729,SBOBET,0,64' Huth scores an own goal! Sunderland 1-0 Leicester City #LCFC #SAFC #SUNLEIpic.twitter.com/YKXl4IPEaD
2016-12-03 16:24:57,805085423773110272,SMLeicester,0,"GOAL! Sunderland 1-0 Leicester City (Robert Huth, 64' og.). Join us live: http://sm.mg/4cfvkvk #safc #lcfc"
2016-12-03 16:24:57,805085422997143552,dbaker242424,0,Sunderland 1 - 0 Leicester City. 64' Robert Huth scores an own goal for Sunderland #FotMob http://www.fotmob.com/livescores/47/2252318/match-facts/ …
2016-12-03 16:24:57,805085422623817728,SM_Sunderland,0,"GOAL! Sunderland 1-0 Leicester City (Robert Huth, 64' og.). Join us live: http://sm.mg/4cfvkvk #safc #lcfc"
2016-12-03 16:24:47,805085382601830400,AntWBA434,0,Bloody hell Leicester city
2016-12-03 16:24:47,805085381586812928,MCTipbet_tr,0,64′ Gol Sunderland Sunderland 1:0 Leicester City #SUNLEIpic.twitter.com/18vHmMkTB8
2016-12-03 16:24:46,805085379460296704,SteveHef,0,Nico Rosberg Wins The Title and then retires. An Idea he got from Leicester City. #SUNLEI
2016-12-03 16:24:39,805085349206691840,SunderlandAFC,0,64' Off the head of Kirchhoff and deflected over the line by Huth to give #SAFC the lead. Sunderland 1 Leicester City 0
2016-12-03 16:24:33,805085322623275008,bwin,0,PL latest: Crystal Palace 2-0 Southampton Stoke City 2-0 Burnley Sunderland 1-0 Leicester Tottenham 3-0 Swansea West Brom 2-1 Watford
2016-12-03 16:24:28,805085301756542980,LiveLCFC,0,"GOAL. Sunderland 1-0 Leicester City (Huth og, 64) http://www.leicestermercury.co.uk/sunderland-v-leicester-city-8211-premier-league-live/story-29954938-detail/story.html …"
2016-12-03 16:24:27,805085299814596608,JindaSet,0,กำลังดู Leicester City Football Club
2016-12-03 16:24:20,805085269980565504,ChrisRWhiting,-1,Own goal from a corner. Vintage Leicester City.
2016-12-03 16:24:04,805085201584025601,Football__Tweet,0,GOAL: Sunderland 1 - 0 Leicester City. Jan Kirchhoff's effort is deflected in off Robert Huth. That will go down as an own goal. #SAFC #LCFC
2016-12-03 16:23:49,805085137167851521,AOnung,0,Leicester City are heading for relegation!!
2016-12-03 16:23:00,805084935061172224,GoalFlash,0,Sunderland *1-0 Leicester City (64') #SUNLEI http://www.goal.com/ #GoalFlash #BPL
2016-12-03 16:20:56,805084412497039360,SportRadioME,0,#LeicesterCity boss Claudio Ranieri ready to drop misfiring #JamieVardy and #RiyadMahrez http://www.sportradioarabia.com/news/cricket/leicester-city-boss-claudio-ranieri-ready-to-drop-misfiring-jamie-vardy-and-riyad-mahrez/ …
2016-12-03 16:20:20,805084262529646592,MaxHanaghan,0,Leicester fans chant #safc have won league more times in their history than #leicestercity ever have and ever will #SunLei #clackers
2016-12-03 16:18:07,805083703877791744,Mikeh60882356,0,LEICESTER CITY ALREADY GOT THAT SEALED.
2016-12-03 16:17:59,805083671028006912,adrianaeloca,0,"Your Tuesday Briefing: Syria, Met Gala, Leicester City #MetGala https://goo.gl/fb/0jBX0J"
2016-12-03 16:17:36,805083575813111808,adoptedgog,0,Leicester City?
2016-12-03 16:15:26,805083028724809728,The_LD_Guy,0,"#leicestercity #football fan and likes #watches in particular #Hublot get in touch, have super rare watch for sale."
2016-12-03 16:15:23,805083017060483072,FOXES_Fanly,0,Prem: Albrighton chance -- Leicester (32') #LeicesterCity https://serve.fans/r/364030dc09 pic.twitter.com/tQLaQ8iOPr
2016-12-03 16:13:58,805082660578197504,lasgidis1stson,0,Lol I already feel bad for man city next week against Leicester no Aguero and fernandinho
2016-12-03 16:13:56,805082650465681412,constant_STAR75,0,Na so una talk last season to Leicester City til they win d league
2016-12-03 16:13:50,805082624599453697,sonjackjasl,0,¡SEGUNDOS TIEMPOS! Palace 2-0 Southampton Stoke City 2-0 Burnley Sunderland 0-0 Leicester Tottenham 2-0 Swansea #PL [FECHA 14]
2016-12-03 16:13:39,805082578692800512,WCPWMYTRUELOVE,0,@Jack_TheJobber Sunderland are even with Leicester city I hope we can pull of the upset #Sunderland4ever
2016-12-03 16:10:04,805081679228334080,ItsFoxedUp,0,LIVE: Sunderland vs Leicester City http://dlvr.it/Mp8kZz #lcfc
2016-12-03 16:09:47,805081608088944640,said5412,0,Saya menambahkan video ke playlist @YouTube http://youtu.be/54U5rzAekgg?a Leicester City - Middlesbrough 2-2 Goal & Highlights 26/11/2016
2016-12-03 16:09:32,805081542351523841,Mackemsnewsonly,0,#Mackems #SAFC LIVE: Sunderland v Leicester City http://dld.bz/fj7bV
2016-12-03 16:09:27,805081522957123584,1BonnyPrince,0,"Born #OTD 1930, Scottish footballer, Jimmy Walsh. He was a prolific goalscorer for Celtic FC and Leicester City FC pic.twitter.com/M1hnYIoLQv"
2016-12-03 16:09:22,805081501972844544,FichajeGoleador,0,¡SEGUNDOS TIEMPOS! Palace 2-0 Southampton Stoke City 2-0 Burnley Sunderland 0-0 Leicester Tottenham 2-0 Swansea #PL [FECHA 14]
2016-12-03 16:07:42,805081081259102210,BBCRLSport,0,Jamie Vardy's touch map during the first-half of Sunderland v Leicester City. pic.twitter.com/JQ3iZ3yz0N
2016-12-03 16:07:08,805080941085364225,SAFCNewsUK,0,Three Sunderland players walk yellow card tightrope against Leicester City – Sunderland Echo http://dlvr.it/Mp8hQb #SAFC
2016-12-03 16:03:16,805079968178995202,tuneri,0,"So far, city got whooped, Christmas came early for Benteke, Son scored a fantastic goal & Leicester is stuck doing d mannequin challenge."
2016-12-03 16:02:48,805079850545512448,simonpit,0,Half time: Sunderland 0 0 Leicester City
2016-12-03 16:01:39,805079559221768193,thebusybuddies,0,#PL HT: Palace 2-0 Southampton Stoke 2-0 Burnley Spurs 2-0 Swansea West Brom 2-0 Watford Sunderland 0-0 Leicester City.
2016-12-03 16:01:08,805079428464308225,PrimaryFalcons,0,Apply for your place now via Leicester City council admissions website. Please email the school also as confirmation.
2016-12-03 16:00:52,805079361736953856,BungDeo,0,When Leicester City becomes Barcelona https://twitter.com/90min_Football/status/805079064390336512 …
2016-12-03 15:59:40,805079059696939010,Mackemsnewsonly,0,#Sunderland Three Sunderland players walk yellow card tightrope against Leicester City http://dld.bz/fj7bT
2016-12-03 15:58:57,805078880222642176,SSnetwoork,0,HT: Palace 2-0 Southampton Stoke 2-0 Burnley Spurs 2-0 Swansea West Brom 2-0 Watford Sunderland 0-0 Leicester City #EPL
2016-12-03 15:58:02,805078648768364544,charliehawk93,0,To draw away at City + Leicester and beating WHU was decent. Losing at OT and Emirates not a prob. Losing to Hull + Palace tho #saintsfc
2016-12-03 15:57:36,805078539695431680,SMLeicester,0,HALF-TIME: Sunderland 0-0 Leicester City. Join us live: http://sm.mg/4cfvkvk #safc #lcfc
2016-12-03 15:57:35,805078538168795136,SM_Sunderland,0,HALF-TIME: Sunderland 0-0 Leicester City. Join us live: http://sm.mg/4cfvkvk #safc #lcfc
2016-12-03 15:57:16,805078456987959296,konnectii,0,"We've played 8 straight games including teams like Leicester, Man United, Tottenham and Man City, conceding just 2 goals & winning all. Wow"
2016-12-03 15:56:29,805078260979761152,Yoursportsnews1,0,Sunderland 0-0 Leicester City at halftime. (ESPN) Leicester City #YSNpic.twitter.com/weP15YAk44
2016-12-03 15:55:37,805078040879329280,WORLD_HAB,0,"Sunderland vs Leicester City Live Streaming, Lineups, Scores and TV Schedule http://dlvr.it/Mp8XML pic.twitter.com/OvZu6wfx51"
2016-12-03 15:55:30,805078011053797376,sonjackjasl,0,¡MEDIOS TIEMPOS! Palace 2-0 Southampton Stoke City 2-0 Burnley Sunderland 0-0 Leicester Tottenham 2-0 Swansea #PL [FECHA 14]
2016-12-03 15:55:20,805077969651830784,TalkSportTV,0,Sunderland 0-0 Leicester City at halftime. (ESPN) http://ift.tt/1NKZUVZ
2016-12-03 15:55:18,805077962735357952,basanya01,0,England - Premier League HT: Crystal Palace 2-0 Southampton HT: Stoke City 2-0 Burnley HT: Sunderland 0-0 Leicester City
2016-12-03 15:55:09,805077924860882944,nyannthierry,0,Conte's 3-4-3 wins! 2-0 Hull City 3-0 Leicester 4-0 Man United 2-0 Southampton 5-0 Everton 1-0 Middlesbrough 2-1 Spurs 3-1 Man City
2016-12-03 15:55:06,805077910243647489,UtdSA,0,Sunderland 0-0 Leicester City at halftime. (ESPN) http://ift.tt/1NKZUVZ #LCFC #PL
2016-12-03 15:55:06,805077909958443009,Leicester_UK_,0,James_Sharpe published Leicester City team news for Premier League clash with Sunderland #Leicester http://www.newslocker.com/en-uk/region/leicester/james-sharpe-published-leicester-city-team-news-for-premier-league-clash-with-sunderland/ …
2016-12-03 15:54:44,805077820254879744,Mackemsnewsonly,0,#Sunderland Sunderland v Leicester City team news: David Moyes makes one change for the visit of the Champions http://dld.bz/fj7bU
2016-12-03 15:54:11,805077680798527488,UtdSA,0,Sunderland 0-0 Leicester City at halftime. (ESPN) http://ift.tt/1CjMPwY #SAFC #PL
2016-12-03 15:54:04,805077653325680640,WasitEPL,0,HT: Sunderland 0-0 Leicester City #Matchday14pic.twitter.com/GzOMb9sPjq
2016-12-03 15:53:39,805077547637678081,SunderlandNow,0,"HT: #Sunderland 0, Leicester City 0. http://fb.me/1TinswGp1"
2016-12-03 15:53:24,805077483271974912,DFS_EPL_Goals,0,Sunderland 0-0 Leicester City at halftime. (ESPN) Sunderland 0-0 Leicester City at halftime. (ESPN)
2016-12-03 15:53:14,805077443988033536,SunderlandApp,0,Sunderland v Leicester City team news: David Moyes makes one change for the visit of the Champions http://spontly.com #safcpic.twitter.com/Eqbh1Q6dcv
2016-12-03 15:52:44,805077317328506880,FichajeGoleador,0,¡MEDIOS TIEMPOS! Palace 2-0 Southampton Stoke City 2-0 Burnley Sunderland 0-0 Leicester Tottenham 2-0 Swansea #PL [FECHA 14]
2016-12-03 15:52:06,805077157475184642,infobola777,0,England - Premier League December 3 HT Sunderland 0 - 0 Leicester City http://fb.me/98UWj1iWf
2016-12-03 15:52:00,805077133483765760,Georgina_Amoako,0,#PL - HT: Spurs 2-0 Swansea City Sunderland 0-0 Leicester Crystal Palace 2-0 Southampton West Brom 2-0 Watford
2016-12-03 15:51:53,805077101388984321,SSFootball_,0,HALF-TIME: - Crystal Palace 2-0 Southampton - Stoke City 2-0 Burnley - Sunderland 0-0 Leicester City - Tottenham... http://fb.me/2GOqDD7mz
2016-12-03 15:51:32,805077014147399680,SRNewsNow,0,HT update: Sunderland 0 - 0 Leicester City - tweet us your pics of the game! #SunLei (KB)
2016-12-03 15:51:22,805076970430169088,Sbn_ZA,0,#PL HT Crystal Palace 2-0 Southampton Stoke City 2-0 Burnley Sunderland 0-0 Leicester City Tottenham 2-0 Swansea West Brom 2 - 0 Watford
2016-12-03 15:51:21,805076968672784384,fotomac,0,(İY): Sunderland-Leicester City 0-0 http://www.fotomac.com.tr/canli-skor/canli-mac?Id=2252318 …
2016-12-03 15:51:20,805076965703163904,nahalobg,0,"Last season Leicester beat man city 3-1 at Ethiad and won the league, will history repeat itself?"
2016-12-03 15:51:10,805076922233257984,LCFC_Indonesia,0,Half-time: Sunderland 0-0 Leicester City #SunLeipic.twitter.com/ibQN5Ls1AU
2016-12-03 15:51:00,805076881703837696,SAFCvideprinter,0,HT: Sunderland 0 - 0 Leicester City
2016-12-03 15:50:33,805076765626564608,InfluencerKE,0,Chelsea 3-0 Leicester City live score and score and goal updates as Claudio ... http://www.mirror.co.uk/sport/football/match-centre/chelsea-vs-leicester-city-live-8655383 …
2016-12-03 15:50:29,805076751785357312,NewsSAFC2018,0,HALF TIME : Sunderland 0 - 0 Leicester City #LCFC #SAFC
2016-12-03 15:50:13,805076683124604928,bwin,0,PL HT: Crystal Palace 2-0 Southampton Stoke City 2-0 Burnley Sunderland 0-0 Leicester Tottenham 2-0 Swansea West Brom 2-0 Watford
2016-12-03 15:49:58,805076620251959296,LiveLCFC,0,HALF-TIME: Sunderland 0-0 Leicester City All square at the break. Follow the action: http://www.leicestermercury.co.uk/sunderland-v-leicester-city-8211-premier-league-live/story-29954938-detail/story.html …pic.twitter.com/eoEj8pDIq2
2016-12-03 15:49:57,805076617622147072,Harrythmetics,0,@Harrythmetics @Louis_Tomlinson - http://tweetmashup.com : Amazing scenes watching Leicester City lift the trophy. love affair
2016-12-03 15:49:49,805076582662635520,BoyleSports,0,HT: West Brom 2-0 Watford Stoke City 2-0 Burnley Crystal Palace 2-0 Southampton Tottenham 2-0 Swansea Sunderland 0-0 Leicester City
2016-12-03 15:49:40,805076545777922048,LCFC,0,Half-time: Sunderland 0-0 Leicester City #SunLeipic.twitter.com/MmSKPMxCyv
2016-12-03 15:48:37,805076279603109888,amandsst,0,Art of the turnaround: How long shot like Leicester City becomes... https://goo.gl/fb/ytW6KY #leicestercityfc
2016-12-03 15:48:08,805076159645913090,ppocampos,0,DEAL CLOSE: Leicester City FC youngster Joseph Dodoo to join... http://dlvr.it/Mp8RkC #LeicesterCityFC
2016-12-03 15:48:03,805076137441423360,_Mr_Umb,0,"8 wins in a row after playing likes of Leicester, Spurs, City, United, Everton ... Chelsea close to perfection"
2016-12-03 15:45:59,805075617465176065,joffnorman,0,Book 37 of 2016. The #jamievardy autobiography is vital reading for any #leicestercity fan and… https://www.instagram.com/p/BNj33ViFKww/
2016-12-03 15:45:56,805075603439415297,amadoit__,0,"Guys, you're all watching Sunderland v Leicester City, too, right?"
2016-12-03 15:45:39,805075532224327680,bharianmy,0,"#EPL: Kedudukan semasa, Crystal Palace 2 Southampton 0, Stoke City 2 Burnley 0, Sunderland 0 Leicester City 0,... http://fb.me/3A2uveMzM"
2016-12-03 15:44:47,805075317618593792,BBCRLSport,0,"Leicester City could barely get the ball for the first 20 minutes but it is a much more even contest now. No real chances, though. pic.twitter.com/Geqin5cdav"
2016-12-03 15:44:35,805075267182100480,SunderlandAFC,0,43' @vardy7 kept quiet by #TeamKone so far @StadiumOfLight as it remains Sunderland 0 Leicester City 0 pic.twitter.com/aG5GwMkXAf
2016-12-03 15:44:23,805075217055969280,joyceecoo,0,What Is King Power? Leicester City FC's Fairytale Soccer Victory Driven By #LeicesterCityF… https://goo.gl/fb/G8c0Po
2016-12-03 15:43:45,805075055923367937,BlueFoxNews,0,LIVE: Sunderland vs Leicester City (Football News Network) http://ift.tt/2gT2Yof
2016-12-03 15:43:33,805075003850956805,SAFCNewsUK,0,LIVE: Sunderland vs Leicester City – http://Goal.com http://dlvr.it/Mp8PgQ #SAFC
2016-12-03 15:41:02,805074373279420416,TalkSportTV,0,Match Thread: Sunderland vs Leicester City [Premier League] (x-post /r/soccer) pic.twitter.com/k6rkmmmXOa
2016-12-03 15:40:43,805074290223652865,ppocampos,0,Drew Petrie likens North Melbourne to Leicester City #DrewPetrie... http://dlvr.it/Mp8Mbn #DrewPetrie
2016-12-03 15:39:31,805073992407195648,hanifyazid,0,I was on tv for the Sunderland vs Leicester City match!! pic.twitter.com/xUM1HNGrjg
2016-12-03 15:39:28,805073976045305856,BroMW90,0,more concerned about the Arsenal game than Leicester tbh
2016-12-03 15:38:43,805073787951738880,kdee_Naks,0,2-0 vs. Hull 3-0 vs. Leicester 4-0 vs. United 2-0 vs. Southampton 5-0 vs. Everton 1-0 vs. Middlesbrough 2-1 vs. Spurs 3-1 vs. City #CFC
2016-12-03 15:38:00,805073610041921536,BilirKadriye,0,Sunderland v Leicester City Match http://Previewbit.ly/2gMiK3t s1k1g8 #SAFC #SunLei #LCFC #Matchday #PremierLeague #EPL #BPL Game daY
2016-12-03 15:37:17,805073427853766657,fpldrugs,0,"8 in a row, Leicester, MU, Soton, Everton, Spurs, and Man City between them"
2016-12-03 15:37:14,805073413714878466,casillas540,0,LIVE: Sunderland vs Leicester City http://ln.is/RMYO7
2016-12-03 15:37:13,805073410292187138,soccer411,0,LIVE: Sunderland vs Leicester City http://dlvr.it/Mp8JnT
2016-12-03 15:36:53,805073329577201664,kdee_Naks,0,"I dont think you understand. 8 wins in a row after playing Leicester Spurs City United Everton this is perfection, this is Chelsea"
2016-12-03 15:36:45,805073295439601666,falan4j,0,leicester city
2016-12-03 15:35:43,805073034776190976,SAFCNewsUK,0,Sunderland vs Leicester City: Live updates from the Stadium of Light as the champions look to kick-star their… http://dlvr.it/Mp8HdC #SAFC
2016-12-03 15:34:35,805072748003278848,ppocampos,0,Drew Petrie likens North Melbourne to Leicester City #DrewPetrie... http://dlvr.it/Mp8H1c #DrewPetrie
2016-12-03 15:34:07,805072629916778498,ItsFoxedUp,0,Live to >> Leicester City vs Sunderland Live Stream tv 2016 http://dlvr.it/Mp8GMh #lcfc
2016-12-03 15:34:06,805072627672846336,ItsFoxedUp,0,(Watch) #Leicester City vs Sunderland Live Premier League Soccer http://dlvr.it/Mp8GLR #lcfc
2016-12-03 15:34:06,805072625777029120,ItsFoxedUp,0,[http://Soccer.Tv ]..Sunderland vs Leicester City Live Stream Football 2016 http://dlvr.it/Mp8GKp #lcfc
2016-12-03 15:34:05,805072622434123777,ItsFoxedUp,0,Sunderland vs Leicester City Live Stream http://dlvr.it/Mp8GJS #lcfc
2016-12-03 15:33:14,805072409665609728,hazal_adiguzel,0,Sunderland v Leicester City Match http://Previewbit.ly/2gMiK3t s1k1g8 #SAFC #SunLei #LCFC #Matchday #PremierLeague #EPL #BPL Game daY
2016-12-03 15:32:58,805072342774730758,Nexmedia_Sports,0,LIVE: Sunderland vs Leicester City http://dlvr.it/Mp8FbG
2016-12-03 15:31:05,805071869879562240,mayor_digitals,0,LIVE: Sunderland vs Leicester City http://dlvr.it/Mp8Cy6
2016-12-03 15:29:50,805071553213923332,sinemmcelikkk1,0,Sunderland v Leicester City Match http://Previewbit.ly/2gMolqw s1k1g8 #SAFC #SunLei #LCFC #Matchday #PremierLeague #EPL #BPL Game daY
2016-12-03 15:29:48,805071546255450112,Sai_Rung,0,FT: Leicester City U23s 2-1 #LFCU23s #PLInternationalCup
2016-12-03 15:28:26,805071200644804608,CallMeOlalekan,0,LIVE: Sunderland vs Leicester City http://dlvr.it/Mp8BBf
2016-12-03 15:28:17,805071162820595712,Oduscoly,0,LIVE: Sunderland vs Leicester City http://dlvr.it/Mp89ng
2016-12-03 15:28:12,805071141605810176,Dejexkul,0,LIVE: Sunderland vs Leicester City http://dlvr.it/Mp89Zt
2016-12-03 15:27:24,805070941546049537,ozlemdeveciii,0,Sunderland v Leicester City Match http://Previewbit.ly/2gMolqw s1k1g8 #SAFC #SunLei #LCFC Match day #PremierLeague #EPL #BPL Soccer AM
2016-12-03 15:25:40,8.05071E+17,RUWT,0,"SOCCER Alert! Leicester City 0, Sunderland 0, 1st - 24'. https://ruwt.tv/soccer/games/358173 …"
2016-12-03 15:25:04,805070355043741697,NoWisdomMate,0,LIVE: Sunderland vs Leicester City
2016-12-03 15:25:03,805070349868167168,olarongbeI,0,17 - Leicester City (417) have already been trailing for more minutes in the PL this season than in the entire 2015/16 campaign (391). Glum
2016-12-03 15:24:22,805070176991510528,MollyShep,0,Absolute scenes if Leicester win the Champions League and get relegated in the same season #SunLei #leicestercity
2016-12-03 15:23:17,805069905510809600,UnofficialPL,0,LIVE: Sunderland vs Leicester City http://www.goal.com/en-gb/news/2896/premier-league/2016/12/03/30127512/live-sunderland-vs-leicester-city?utm_source=dlvr.it&utm_medium=twitter …
2016-12-03 15:23:14,805069892416196608,First_sports,0,LIVE: Sunderland vs Leicester City http://dlvr.it/Mp856G
2016-12-03 15:23:14,805069890407239680,BagSulebagg,0,Sunderland v Leicester City Match http://Previewbit.ly/2gMolqw s1k1g8 #SAFC #SunLei #LCFC #Matchday #PremierLeague #EPL #BPL Game daY
2016-12-03 15:22:38,805069741446545408,NewsSAFC2018,0,21' Chance for Leicester city a corner played into the #SAFC box met by Vardy but it didn't challenge Pickford
2016-12-03 15:22:18,805069659170947074,terrorist__7,0,LIVE: Sunderland vs Leicester City http://dlvr.it/Mp83zY
2016-12-03 15:22:17,805069654758592512,moquazeem9,0,LIVE: Sunderland vs Leicester City http://dlvr.it/Mp83xq
2016-12-03 15:22:16,805069648873930752,EshinlokunAde,0,LIVE: Sunderland vs Leicester City http://dlvr.it/Mp83tv
2016-12-03 15:22:14,805069639264792576,therealsantos10,0,LIVE: Sunderland vs Leicester City http://dlvr.it/Mp83mC
2016-12-03 15:22:14,805069639218647041,dickiesray,0,LIVE: Sunderland vs Leicester City http://dlvr.it/Mp83mD
2016-12-03 15:22:12,805069633266982914,olufemiadelaja,0,LIVE: Sunderland vs Leicester City http://dlvr.it/Mp83fX
2016-12-03 15:22:12,805069631392124928,SportsCentralNG,0,LIVE: Sunderland vs Leicester City http://dlvr.it/Mp83YT
2016-12-03 15:22:10,805069625960505344,Tee6ix,0,LIVE: Sunderland vs Leicester City http://dlvr.it/Mp83Rd
2016-12-03 15:22:10,805069622751805440,sexybae_xo,0,LIVE: Sunderland vs Leicester City http://dlvr.it/Mp83Qy pic.twitter.com/SKIY1RXnTQ
2016-12-03 15:22:09,805069621640380416,unklejoshz,0,LIVE: Sunderland vs Leicester City http://dlvr.it/Mp83Tq
2016-12-03 15:22:09,805069621342523392,Lord_Buffon1,0,LIVE: Sunderland vs Leicester City http://dlvr.it/Mp83TS
2016-12-03 15:21:27,805069441687953408,W0RLDSOCCERNEWS,0,LIVE: Sunderland vs Leicester City http://dlvr.it/Mp839Y pic.twitter.com/pNmiDvXiFr
2016-12-03 15:20:35,805069223944929280,dansonkairu,0,"#Aguero will serve a 4 game ban due to a previous ban, he will miss: Leicester City (A) Watford (H) Arsenal (H) Hull (A)"
2016-12-03 15:19:44,805069013768400896,GuzelDuruu,0,Sunderland v Leicester City Match http://Previewbit.ly/2gRUAYd s1k1g8 #SAFC #SunLei #LCFC #Matchday #PremierLeague #EPL #BPL Game daY
2016-12-03 15:19:25,805068931107028992,KelechiNwagwu,0,"8 straight wins with 22 goals scored and 2 conceded, opponents include ManU, City, Everton, Soton, Spurs, Leicester. Conte is the real deal"
2016-12-03 15:19:24,805068929034960902,breakingnewsnig,0,LIVE: Sunderland vs Leicester City http://dlvr.it/Mp81gM
2016-12-03 15:19:23,805068923813044224,KaskusAHAY,0,LIVE: Sunderland vs Leicester City http://dlvr.it/Mp81f1 @rarasathie_
2016-12-03 15:19:23,805068921887854592,Lokzil,0,#football #soccer LIVE: Sunderland vs Leicester City http://dlvr.it/Mp81db
2016-12-03 15:19:22,805068920210104320,Bot_Football,0,LIVE: Sunderland vs Leicester City: The Premier League champions go into the game just five points better off than… http://dlvr.it/Mp81cp
2016-12-03 15:19:16,805068895363080194,lekanadeoba,0,LIVE: Sunderland vs Leicester City http://dlvr.it/Mp81S4
2016-12-03 15:19:16,805068893618176005,PremierrLeague,0,#PremierLeague LIVE: Sunderland vs Leicester City: The Premier League champions go into the game just five points… http://www.goal.com/en-gb/news/2896/premier-league/2016/12/03/30127512/live-sunderland-vs-leicester-city?utm_source=dlvr.it&utm_medium=twitter …
2016-12-03 15:19:14,805068885233762304,PremierLeague8,0,#PremierLeague LIVE: Sunderland vs Leicester City: The Premier League champions go into the game just five points… http://www.goal.com/en-gb/news/2896/premier-league/2016/12/03/30127512/live-sunderland-vs-leicester-city?utm_source=dlvr.it&utm_medium=twitter …
2016-12-03 15:18:57,805068813905567744,PBSemasa,0,The four games Sergio Agüero will miss during his suspension: Leicester City (A) Watford (H) Arsenal (H) Hull... http://fb.me/7xqeRDHf4
2016-12-03 15:18:02,805068585186062336,FoxesNews,0,#Leicester #LeicesterCity #LCFC Leicester City team news for Premier League clash with Sunderland http://dld.bz/fj7aZ
2016-12-03 15:16:58,805068314632454144,AdemolaPhemy7,0,LIVE: Sunderland vs Leicester City http://blog.haskam.com/live-sunderland-vs-leicester-city …
2016-12-03 15:16:37,805068227491614720,LeicesterFooty,0,"Fearless: The Amazing Underdog Story of Leicester City, the Greatest Miracle in Sports History http://www.leicesterfootball.net/fearless-the-amazing-underdog-story-of-leicester-city-the-greatest-miracle-in-sports-history-2/ …"
2016-12-03 15:16:34,805068216485769216,bettingslip,0,Sergio Aguero will miss the following games due to suspension: Leicester City (A) Watford (H) Arsenal (H) Hull City (A) #MCFCpic.twitter.com/kmLabfTVkF
2016-12-03 15:16:30,805068197439344640,TokerOya,0,Sunderland v Leicester City Match http://Previewbit.ly/2gRUAYd s1k1g8 #SAFC #SunLei #LCFC Match day #PremierLeague #EPL #BPL Soccer AM
2016-12-03 15:16:27,805068186794291200,tosinimmanuel,0,Sunderland vs Leicester City LIVE Commentary - 12/3/16 Premier League -... http://fb.me/5qI34CO4J
2016-12-03 15:16:12,805068122373779457,GoalTanzania,0,LIVE: Sunderland vs Leicester City http://dlvr.it/Mp7yyy pic.twitter.com/1cOFyJHxbd
2016-12-03 15:16:11,805068120314417152,GoalcomSA,0,LIVE: Sunderland vs Leicester City http://dlvr.it/Mp7ypv pic.twitter.com/lqMVr4sU03
2016-12-03 15:16:11,805068120280875008,Goal_India,0,LIVE: Sunderland vs Leicester City http://dlvr.it/Mp7ywD pic.twitter.com/LdQ7jYe3xo
2016-12-03 15:16:07,805068102429872128,GoalNews,0,LIVE: Sunderland vs Leicester City http://dlvr.it/Mp7ypj pic.twitter.com/IOyYJsm8GO
2016-12-03 15:15:55,805068052798853120,TerrificSportC,0,Burnley Leicester City (Away club) 08/03/05 TURF Moor football programme (GR1) http://www.sportsmemcards.info/US/landing-static/twitter07/?id=http://rover.ebay.com/rover/1/711-53200-19255-0/1?ff3=2&toolid=10039&campid=5337889870&item=311753150632&vectorid=229466&lgeo=1 …pic.twitter.com/OBbrjxMbjd
2016-12-03 15:15:35,805067967998361602,stewie11221,0,@Danboo67 Funny Leicester City who reformed 1919 after the company ceased trading due to financial difficulties are same club
2016-12-03 15:15:31,805067949526700041,Ikecony,0,The four games Sergio Agüero will miss during his suspension: Leicester City (A) Watford (H) Arsenal (H) Hull City (A)
2016-12-03 15:15:18,805067895449522176,City_Chief,0,"Otamendi is suspended for Leicester City away after receiving his 5th yellow card today. No Aguero, Fernandino and Otamendi vs Leicester."
2016-12-03 15:15:00,805067819683643392,ArsenalNexus,0,Sergio Aguero and Fernandinho will both miss the City clash with Arsenal on December 18th (as well as the Leicester and Watford games)
2016-12-03 15:14:29,805067690662621185,AylestoneLCFC,0,Leicester City team news for Premier League clash with Sunderland http://ift.tt/2fWvzGV
2016-12-03 15:13:52,805067534118617089,OfficialHoody,0,I liked a @YouTube video from @doctorbenjy http://youtu.be/2ocHDjTG2tk?a Football Manager 2017 | Leicester City | Part 8 | JANUARY 2/2
2016-12-03 15:13:47,805067513579139072,BBCRLSport,0,The average positions of the Sunderland and Leicester City players in the opening 10 minutes. pic.twitter.com/x2uLdHqsNH
2016-12-03 15:13:37,805067472810323969,Muhamedwason,0,LIVE: Sunderland vs Leicester City http://dlvr.it/Mp7y0c
2016-12-03 15:13:37,805067472592248832,OJAY_PUMPING,0,LIVE: Sunderland vs Leicester City http://dlvr.it/Mp7y16
2016-12-03 15:13:37,805067472135065605,moquazeem9,0,LIVE: Sunderland vs Leicester City http://dlvr.it/Mp7y0w
2016-12-03 15:13:35,805067464912478208,Jopac4dvirg,0,LIVE: Sunderland vs Leicester City http://dlvr.it/Mp7xxk
2016-12-03 15:13:25,805067420683538432,OrijoDotNg,0,LIVE: Sunderland vs Leicester City http://dlvr.it/Mp7xgn
2016-12-03 15:13:22,805067407677161474,BlueFoxNews,0,In a league of her own: Irish woman Susan Whelan on life at the top at Leicester City Football Club (IrishSun.… http://ift.tt/2gYXW8k
2016-12-03 15:13:21,805067406884208641,GoalcomNigeria,0,LIVE: Sunderland vs Leicester City http://dlvr.it/Mp7xMS pic.twitter.com/Y7Aao9RkEV
2016-12-03 15:13:17,805067387141664770,EnPremierLeagu,0,Sunderland vs Leicester City: Live updates from the Stadium of Light as the champions look to kick-star their… http://dlvr.it/Mp7x8m
2016-12-03 15:13:14,805067375779450880,LinkBud,0,Sunderland vs Leicester City - LIVESTREAM (PC+MOB) HD*- WATCH http://buff.ly/2gT66jP #SunLei #PLpic.twitter.com/zkpuwVFuFb
2016-12-03 15:13:02,805067324076257280,stewie11221,0,Funny Leicester City who reformed 1919 after the company ceased trading due to financial difficulties are same club
2016-12-03 15:13:00,805067317700870144,FoxesNews,0,#Leicester #LeicesterCity #LCFC Leicester City boss Claudio Ranieri admits he could drop both... http://dld.bz/fj7ba
2016-12-03 15:12:30,805067193180372994,Merseytoffee,0,"Aguero will serve a 4 game ban due to a previous ban, he will miss: Leicester City (A) Watford (H) Arsenal (H) Hu… … #everton"
2016-12-03 15:12:28,805067181943902209,George95__,0,"If City can't beat Leicester, Hull and Watford without Aguero then there's something seriously wrong isn't there"
2016-12-03 15:12:25,805067172267618304,teespringstores,0,Goal LIVE: Sunderland vs Leicester City http://www.mo4ch.com/goal-live-sunderland-vs-leicester-city/ …
2016-12-03 15:12:22,805067156270542848,Mo4chNews,0,Goal LIVE: Sunderland vs Leicester City http://www.mo4ch.com/goal-live-sunderland-vs-leicester-city/ …
2016-12-03 15:11:34,805066954998476801,Sbn_ZA,0,The four games Sergio Agüero will miss during his suspension: Leicester City (A) Watford (H) Arsenal (H) Hull City (A) pic.twitter.com/PBkXO7fwPr
2016-12-03 15:11:25,805066917534801921,prafulrox,0,Leicester City look clueless at the back! No idea to whats happening with them? #EPL #Leicester
2016-12-03 15:11:16,805066882797731845,bydennisse,0,[FECHA 14] COMIENZAN LOS PARTIDOS: Palace 0-0 Southampton Stoke City 0-0 Burnley Sunderland 0-0 Leicester Tottenham 0-0 Swansea #PL
2016-12-03 15:10:22,805066653557985280,IconicUtd,0,The 4 games Agüero will miss during his suspension: Leicester City (A) Watford (H) Arsenal (H) Hull City (A) Arsenal at home could be huge.
2016-12-03 15:09:32,805066446049017856,gunnerarsenal4,0,"Aguero will serve a 4 game ban due to a previous ban, he will miss: Leicester City (A) Watford (H) Arsenal (H) Hu… … #arsenal"
2016-12-03 15:09:31,805066440172834818,sonjackjasl,0,¡COMIENZAN! Palace 0-0 Southampton Stoke City 0-0 Burnley Sunderland 0-0 Leicester Tottenham 0-0 Swansea #PL [FECHA 14]
2016-12-03 15:09:25,805066413790691329,PremierLeaque,0,[Goal] LIVE: Sunderland vs Leicester City http://www.goal.com/en-gb/news/2896/premier-league/2016/12/03/30127512/live-sunderland-vs-leicester-city …
2016-12-03 15:09:19,805066389761511424,SquawkaNews,0,The four games Sergio Agüero will miss during his suspension: Leicester City (A) Watford (H) Arsenal (H) Hull City (A) pic.twitter.com/dej94UX23u
2016-12-03 15:08:53,805066281980301316,yo_blogmedia,0,LIVE: Sunderland vs Leicester City http://dlvr.it/Mp7t9N #yemioloyedeblogpic.twitter.com/48x1QxU5nJ
2016-12-03 15:08:50,805066267124068352,adweber4,0,LIVE: Sunderland vs Leicester City http://www.goal.com/en-us/news/85/england/2016/12/03/30130452/live-sunderland-vs-leicester-city …pic.twitter.com/WqGBEzp72H
2016-12-03 15:08:41,805066231099379713,TheMasterP6,0,Sergio Aguero will serve a 4 game ban (due to a previous ban) he will miss games: Leicester City (A) Watford (H) Arsenal (H) Hull (A)
2016-12-03 15:08:15,805066122974273536,Gapsy4all,0,LIVE: Sunderland vs Leicester City http://dlvr.it/Mp7sZy
2016-12-03 15:08:09,805066096999075840,hanifyazid,0,Sunderland vs Leicester City #nwpic.twitter.com/Cn9UbLhqeF
2016-12-03 15:08:05,805066079571759105,FoxesNews,0,#Leicester #LeicesterCity #LCFC Sunderland v Leicester City – Premier League LIVE! Team... http://dld.bz/fj7bb
2016-12-03 15:07:32,805065942027759617,GoalComIreland,0,LIVE: Sunderland vs Leicester City http://dlvr.it/Mp7rvt pic.twitter.com/xE0ZSLPCTO
2016-12-03 15:07:23,805065901762486272,Goal_SG,0,LIVE: Sunderland vs Leicester City http://dlvr.it/Mp7rYw pic.twitter.com/1dxCNOGPAq
2016-12-03 15:07:22,805065900382523396,boturbotrader,0,What Is King Power? Leicester City FC's Fairytale Soccer Victory Driven By #LeicesterCityF.C. http://dlvr.it/Mp7rdh #LeicesterCityFC
2016-12-03 15:06:11,805065602268364800,TalkSportTV,0,Match Thread: [15:00 GMT]: Sunderland vs Leicester City pic.twitter.com/jdzaNERN65
2016-12-03 15:06:03,805065566700630016,TalkSportTV,0,Match Thread: Sunderland vs Leicester City [Premier League] pic.twitter.com/0STvcZbNAN
2016-12-03 15:05:27,805065417957969920,GuzelDuruu,0,Sunderland v Leicester City Match http://Previewbit.ly/2gSX0Uc s1k1g8 #SAFC #SunLei #LCFC #Matchday #PremierLeague #EPL #BPL Game daY
2016-12-03 15:05:27,805065416380805121,SiaranBola9,0,Sunderland vs Leicester City West Bromwich Albion vs Watford FC Live Stream http://bit.ly/SB9SCH #EPL
2016-12-03 15:05:24,805065402812366849,newscast_ne,0,The teams are out at The Stadium Of Light between #SAFC and 14th placed Leicester City. #BBCFootballhttps://twitter.com/bbcnewcastle/status/805064354752294912 …
2016-12-03 15:04:49,805065258691919872,Lblock299,0,"I'm at Stadium of Light - @safcofficial for Sunderland vs Leicester City in Sunderland, Tyne and Wear https://www.swarmapp.com/c/bwjLkEfkQnD"
2016-12-03 15:04:09,805065088919027712,glennford0,0,Started #SunLei #PL Sunderland 0 - 0 Leicester City http://www.fotmob.com/livescores/47/2252318/match-facts/?id=2252318&hs=0&as=0&h=Sunderland&a=Leicester+City …
2016-12-03 15:04:01,805065055054204928,SiaranBola9,0,Kick off English Premier League Sunderland vs Leicester City Live Stream http://bit.ly/SB9SCH
2016-12-03 15:03:07,805064830646439936,Goal_MY,0,LIVE: Sunderland vs Leicester City http://dlvr.it/Mp7nB2 pic.twitter.com/aqLic3wbxz
2016-12-03 15:02:41,805064719086325760,TokerOya,0,Sunderland v Leicester City Match http://Previewbit.ly/2gSX0Uc s1k1g8 #SAFC #SunLei #LCFC Match day #PremierLeague #EPL #BPL Soccer AM
2016-12-03 15:02:33,805064685829627905,Goals_Premier,0,Match begins!!! #Sunderland 0 #LeicesterCity 0
2016-12-03 15:01:51,805064512193888257,BettracksScores,0,Kick Off. Sunderland vs Leicester City
2016-12-03 15:01:45,805064484675088385,PaulCommentator,0,"Join @wazza_ashurst and myself for free, independent off tube studio commentary, #Sunderland #Leicester City http://www.bet365.com #SUNLEI"
2016-12-03 15:01:14,805064354752294912,bbcnewcastle,0,The teams are out at The Stadium Of Light between #SAFC and 14th placed Leicester City. #BBCFootball
2016-12-03 15:01:05,805064318832119808,ItsFoxedUp,0,Three Sunderland players walk yellow card tightrope against Leicester City http://dlvr.it/Mp7lmp #lcfc
2016-12-03 15:01:05,805064317196333057,ItsFoxedUp,0,Sunderland v Leicester City team news: David Moyes makes one change for the visit of the ... http://dlvr.it/Mp7llx #lcfc
2016-12-03 15:01:04,805064315573145601,ItsFoxedUp,0,Sunderland v Leicester City - Team Sheets http://dlvr.it/Mp7llD #lcfc
2016-12-03 15:01:04,805064313505333250,ItsFoxedUp,0,Live Commentary: Sunderland vs. Leicester City http://dlvr.it/Mp7lkh #lcfc
2016-12-03 15:01:03,805064311664033792,ItsFoxedUp,0,Sunderland vs #Leicester City live online stream. http://dlvr.it/Mp7lk9 #lcfc
2016-12-03 15:01:03,805064309361385472,ItsFoxedUp,0,Sunderland vs Leicester City: Live updates from the Stadium of Light as the champions look to kick ... http://dlvr.it/Mp7lhx #lcfc
2016-12-03 15:00:57,805064283188916224,FichajeGoleador,0,¡COMIENZAN! Palace 0-0 Southampton Stoke City 0-0 Burnley Sunderland 0-0 Leicester Tottenham 0-0 Swansea #PL [FECHA 14]
2016-12-03 15:00:16,805064112183054336,TBPlayerEPL,0,Sunderland v Leicester City Starts Shortly. Match Timeline: http://bit.ly/1IDZpfH
2016-12-03 15:00:10,805064089382756354,Gerryanto,0,Sunderland vs Leicester City #EPL
2016-12-03 15:00:08,805064077655609345,lebanonsports,0,Sunderland vs Leicester City http://www.lebanon-sports.com/index.php/live-streaming/118-live-stream/22380-channel-94 …